image,x,y
000_1.jpg,1687.7406,1452.862
000_1.jpg,1609.6884,1457.4218
000_1.jpg,1531.5743,1461.977
000_1.jpg,1453.3756,1466.5076
000_1.jpg,1375.1478,1471.2487
000_1.jpg,1296.7771,1475.9872
000_1.jpg,1218.3773,1480.6506
000_1.jpg,1139.948,1485.4891
000_1.jpg,1061.5052,1490.1576
000_1.jpg,983.00494,1494.9612
000_1.jpg,904.5563,1499.6755
000_1.jpg,826.18506,1504.2262
000_1.jpg,747.75195,1509.1134
000_1.jpg,669.4134,1513.8815
000_1.jpg,1683.1592,1374.9792
000_1.jpg,1605.1351,1379.4928
000_1.jpg,1527.0365,1384.0535
000_1.jpg,1448.8284,1388.6692
000_1.jpg,1370.5724,1393.2701
000_1.jpg,1292.2417,1398.025
000_1.jpg,1213.8484,1402.7366
000_1.jpg,1135.4476,1407.484
000_1.jpg,1057.0447,1412.239
000_1.jpg,978.54376,1416.9741
000_1.jpg,900.15955,1421.6377
000_1.jpg,821.7775,1426.2836
000_1.jpg,743.3936,1431.1097
000_1.jpg,665.08563,1435.8123
000_1.jpg,1678.3881,1297.1365
000_1.jpg,1600.4493,1301.6779
000_1.jpg,1522.345,1306.2036
000_1.jpg,1444.1901,1310.8109
000_1.jpg,1365.9277,1315.3782
000_1.jpg,1287.6455,1320.0967
000_1.jpg,1209.2759,1324.8207
000_1.jpg,1130.9248,1329.4858
000_1.jpg,1052.5437,1334.2512
000_1.jpg,974.05835,1338.9198
000_1.jpg,895.7294,1343.662
000_1.jpg,817.3913,1348.3663
000_1.jpg,739.09656,1353.0071
000_1.jpg,660.7972,1357.7627
000_1.jpg,1673.699,1219.346
000_1.jpg,1595.6902,1223.8751
000_1.jpg,1517.6544,1228.3882
000_1.jpg,1439.518,1232.9834
000_1.jpg,1361.309,1237.5292
000_1.jpg,1283.0673,1242.2571
000_1.jpg,1204.7539,1246.9318
000_1.jpg,1126.4014,1251.6056
000_1.jpg,1048.0435,1256.3042
000_1.jpg,969.68225,1261.0175
000_1.jpg,891.3621,1265.6345
000_1.jpg,813.0529,1270.3728
000_1.jpg,734.7855,1275.0679
000_1.jpg,656.5933,1279.783
000_1.jpg,1668.8024,1141.663
000_1.jpg,1590.8658,1146.1829
000_1.jpg,1512.86,1150.7358
000_1.jpg,1434.8096,1155.3224
000_1.jpg,1356.6476,1159.8094
000_1.jpg,1278.4385,1164.5186
000_1.jpg,1200.1866,1169.1902
000_1.jpg,1121.899,1173.8181
000_1.jpg,1043.6644,1178.5009
000_1.jpg,965.3478,1183.1794
000_1.jpg,887.02435,1187.8436
000_1.jpg,808.81055,1192.5491
000_1.jpg,730.57416,1197.1677
000_1.jpg,652.3931,1201.8876
000_1.jpg,1663.7875,1064.1158
000_1.jpg,1585.9753,1068.6482
000_1.jpg,1508.0635,1073.1464
000_1.jpg,1430.0309,1077.7474
000_1.jpg,1351.9626,1082.2854
000_1.jpg,1273.8096,1086.9417
000_1.jpg,1195.6147,1091.615
000_1.jpg,1117.415,1096.2416
000_1.jpg,1039.1917,1100.9009
000_1.jpg,960.95355,1105.5087
000_1.jpg,882.74304,1110.149
000_1.jpg,804.5459,1114.9268
000_1.jpg,726.3983,1119.5206
000_1.jpg,648.2718,1124.177
000_1.jpg,1658.8251,986.71747
000_1.jpg,1581.1086,991.28125
000_1.jpg,1503.1665,995.74426
000_1.jpg,1425.2323,1000.36444
000_1.jpg,1347.2244,1004.8603
000_1.jpg,1269.156,1009.53265
000_1.jpg,1191.0364,1014.17474
000_1.jpg,1112.8933,1018.74304
000_1.jpg,1034.7498,1023.3944
000_1.jpg,956.576,1027.992
000_1.jpg,878.4198,1032.6293
000_1.jpg,800.3261,1037.3312
000_1.jpg,722.23376,1041.9242
000_1.jpg,644.17694,1046.5841
000_1.jpg,1653.8048,909.3913
000_1.jpg,1576.09,913.89056
000_1.jpg,1498.3223,918.38983
000_1.jpg,1420.4473,922.97284
000_1.jpg,1342.4971,927.49036
000_1.jpg,1264.5209,932.1117
000_1.jpg,1186.4646,936.7392
000_1.jpg,1108.4049,941.28754
000_1.jpg,1030.3331,945.93427
000_1.jpg,952.25,950.50183
000_1.jpg,874.18665,955.1666
000_1.jpg,796.1205,959.8038
000_1.jpg,718.09576,964.5057
000_1.jpg,640.19556,969.1856
000_1.jpg,1648.7715,832.15155
000_1.jpg,1571.2567,836.7773
000_1.jpg,1493.4359,841.12634
000_1.jpg,1415.6324,845.7028
000_1.jpg,1337.7745,850.18567
000_1.jpg,1259.8606,854.7682
000_1.jpg,1181.897,859.3774
000_1.jpg,1103.9131,863.9007
000_1.jpg,1025.9292,868.51794
000_1.jpg,947.89343,873.1058
000_1.jpg,869.9353,877.74756
000_1.jpg,791.98114,882.48425
000_1.jpg,714.05054,887.0918
000_1.jpg,636.2081,891.7668
000_1.jpg,1643.6405,755.16284
000_1.jpg,1566.0912,759.6568
000_1.jpg,1488.5176,764.06494
000_1.jpg,1410.8252,768.6156
000_1.jpg,1333.0486,773.0896
000_1.jpg,1255.2274,777.62256
000_1.jpg,1177.3676,782.20776
000_1.jpg,1099.448,786.7236
000_1.jpg,1021.5493,791.29645
000_1.jpg,943.64453,795.90247
000_1.jpg,865.69556,800.4813
000_1.jpg,787.9035,805.1393
000_1.jpg,710.00507,809.82697
000_1.jpg,632.284,814.4867
001_1.jpg,1630.3947,1481.0732
001_1.jpg,1554.8029,1481.7808
001_1.jpg,1480.5182,1482.4609
001_1.jpg,1407.166,1483.0803
001_1.jpg,1335.0452,1483.9069
001_1.jpg,1264.2878,1484.7198
001_1.jpg,1194.2399,1485.4495
001_1.jpg,1125.7089,1486.3861
001_1.jpg,1057.8529,1487.0826
001_1.jpg,991.7311,1487.9503
001_1.jpg,925.879,1488.6682
001_1.jpg,861.81915,1489.2717
001_1.jpg,798.46423,1490.1527
001_1.jpg,736.05865,1490.956
001_1.jpg,1627.8618,1398.4017
001_1.jpg,1552.2452,1399.762
001_1.jpg,1477.9419,1401.1143
001_1.jpg,1404.6155,1402.5319
001_1.jpg,1332.5505,1403.894
001_1.jpg,1261.7708,1405.4316
001_1.jpg,1191.8978,1406.8818
001_1.jpg,1123.3312,1408.3042
001_1.jpg,1055.6162,1409.7327
001_1.jpg,989.22,1411.1438
001_1.jpg,923.86,1412.4901
001_1.jpg,859.5375,1413.7716
001_1.jpg,796.2585,1415.1744
001_1.jpg,733.9176,1416.5298
001_1.jpg,1625.2823,1315.7424
001_1.jpg,1549.5944,1317.8342
001_1.jpg,1475.2268,1319.8922
001_1.jpg,1402.0792,1321.9763
001_1.jpg,1330.0526,1324.0132
001_1.jpg,1259.2212,1326.1653
001_1.jpg,1189.5128,1328.332
001_1.jpg,1120.9241,1330.2917
001_1.jpg,1053.3766,1332.3632
001_1.jpg,986.85846,1334.3431
001_1.jpg,921.6055,1336.3567
001_1.jpg,857.39496,1338.269
001_1.jpg,794.16754,1340.188
001_1.jpg,731.93994,1342.0996
001_1.jpg,1622.4186,1233.1533
001_1.jpg,1546.9119,1235.9506
001_1.jpg,1472.6207,1238.7062
001_1.jpg,1399.5272,1241.4843
001_1.jpg,1327.566,1244.1366
001_1.jpg,1256.7839,1246.9565
001_1.jpg,1187.1068,1249.6881
001_1.jpg,1118.5571,1252.3557
001_1.jpg,1050.786,1255.064
001_1.jpg,984.382,1257.7003
001_1.jpg,919.41296,1260.1826
001_1.jpg,855.27014,1262.7694
001_1.jpg,792.09393,1265.2474
001_1.jpg,729.8953,1267.7236
001_1.jpg,1619.4792,1150.7069
001_1.jpg,1544.1112,1154.2
001_1.jpg,1469.897,1157.6636
001_1.jpg,1396.9044,1161.1426
001_1.jpg,1325.0497,1164.4603
001_1.jpg,1254.2906,1167.9493
001_1.jpg,1184.7769,1171.3336
001_1.jpg,1116.1866,1174.5796
001_1.jpg,1049.3674,1177.8225
001_1.jpg,982.79486,1181.0652
001_1.jpg,917.4281,1184.2145
001_1.jpg,853.3208,1187.3859
001_1.jpg,790.10187,1190.4338
001_1.jpg,728.05164,1193.5013
001_1.jpg,1616.6406,1068.3629
001_1.jpg,1541.2635,1072.6001
001_1.jpg,1467.1855,1076.7445
001_1.jpg,1394.2439,1080.9147
001_1.jpg,1322.491,1084.952
001_1.jpg,1251.7982,1089.0527
001_1.jpg,1182.3198,1093.116
001_1.jpg,1113.9363,1097.0437
001_1.jpg,1046.6665,1100.908
001_1.jpg,980.45447,1104.6731
001_1.jpg,915.3358,1108.4283
001_1.jpg,851.2393,1112.158
001_1.jpg,788.1375,1115.8086
001_1.jpg,726.06616,1119.4159
001_1.jpg,1613.5311,986.26587
001_1.jpg,1538.3884,991.1796
001_1.jpg,1464.4156,996.02466
001_1.jpg,1391.5775,1000.8996
001_1.jpg,1319.9172,1005.57306
001_1.jpg,1249.3944,1010.3381
001_1.jpg,1179.9796,1015.0143
001_1.jpg,1111.6667,1019.5202
001_1.jpg,1044.4823,1024.0319
001_1.jpg,978.3477,1028.3889
001_1.jpg,913.28644,1032.7314
001_1.jpg,849.2863,1037.1099
001_1.jpg,786.2911,1041.2463
001_1.jpg,724.2261,1045.4255
001_1.jpg,1610.5719,904.1969
001_1.jpg,1535.5302,909.8336
001_1.jpg,1461.6366,915.3488
001_1.jpg,1388.932,920.88586
001_1.jpg,1317.3468,926.2415
001_1.jpg,1246.9197,931.62225
001_1.jpg,1177.6387,936.91846
001_1.jpg,1109.3407,942.04065
001_1.jpg,1042.3228,947.23065
001_1.jpg,976.297,952.1481
001_1.jpg,911.27014,957.1465
001_1.jpg,847.3001,962.0105
001_1.jpg,784.44806,966.82117
001_1.jpg,722.6053,971.57196
001_1.jpg,1607.6538,822.3022
001_1.jpg,1532.7598,828.7632
001_1.jpg,1458.8281,834.8211
001_1.jpg,1386.2382,841.0024
001_1.jpg,1314.8151,846.98956
001_1.jpg,1244.4147,852.9964
001_1.jpg,1175.2986,858.91425
001_1.jpg,1107.0754,864.68024
001_1.jpg,1040.0702,870.4615
001_1.jpg,974.0875,875.98834
001_1.jpg,909.23975,881.5664
001_1.jpg,845.38257,887.09344
001_1.jpg,782.59125,892.4464
001_1.jpg,720.8987,897.7926
001_1.jpg,1604.5305,740.65076
001_1.jpg,1529.8695,747.68207
001_1.jpg,1455.9874,754.50824
001_1.jpg,1383.566,761.3466
001_1.jpg,1312.2192,767.96765
001_1.jpg,1242.013,774.5853
001_1.jpg,1172.9756,781.1122
001_1.jpg,1104.8738,787.4775
001_1.jpg,1037.9547,793.82324
001_1.jpg,972.1535,800.07104
001_1.jpg,907.139,806.13324
001_1.jpg,843.50165,812.2246
001_1.jpg,780.74664,818.1969
001_1.jpg,719.1787,824.13605
002_1.jpg,1537.2957,1493.4891
002_1.jpg,1474.6141,1492.0071
002_1.jpg,1413.6022,1490.4681
002_1.jpg,1353.7468,1489.0104
002_1.jpg,1295.4204,1487.7742
002_1.jpg,1238.8789,1486.5773
002_1.jpg,1183.065,1485.3036
002_1.jpg,1129.1544,1484.2969
002_1.jpg,1075.8981,1483.1542
002_1.jpg,1024.8774,1482.1738
002_1.jpg,973.91846,1481.0935
002_1.jpg,925.1378,1479.9528
002_1.jpg,877.0844,1479.1105
002_1.jpg,829.91595,1478.3235
002_1.jpg,1536.5652,1408.4905
002_1.jpg,1473.8115,1408.0103
002_1.jpg,1412.7797,1407.607
002_1.jpg,1352.9336,1407.2593
002_1.jpg,1294.68,1406.9257
002_1.jpg,1238.052,1406.807
002_1.jpg,1182.4827,1406.5802
002_1.jpg,1128.4663,1406.4722
002_1.jpg,1075.4492,1406.2855
002_1.jpg,1023.97784,1406.1576
002_1.jpg,973.63763,1405.9965
002_1.jpg,924.46326,1405.8002
002_1.jpg,876.45996,1405.7717
002_1.jpg,829.4514,1405.6582
002_1.jpg,1535.9192,1323.4991
002_1.jpg,1472.9487,1324.206
002_1.jpg,1411.8093,1324.8477
002_1.jpg,1352.2021,1325.5657
002_1.jpg,1293.9818,1326.2614
002_1.jpg,1237.2354,1327.0952
002_1.jpg,1181.8805,1327.8722
002_1.jpg,1127.8184,1328.6077
002_1.jpg,1074.9553,1329.4166
002_1.jpg,1023.2145,1330.3057
002_1.jpg,973.1089,1330.8833
002_1.jpg,924.019,1331.6421
002_1.jpg,876.05695,1332.359
002_1.jpg,829.1565,1333.0806
002_1.jpg,1534.7664,1238.6241
002_1.jpg,1472.0817,1240.4148
002_1.jpg,1411.0106,1242.1666
002_1.jpg,1351.4387,1243.9655
002_1.jpg,1293.2842,1245.6328
002_1.jpg,1236.5917,1247.4653
002_1.jpg,1181.2219,1249.228
002_1.jpg,1127.1732,1250.9344
002_1.jpg,1073.9705,1252.6329
002_1.jpg,1022.4436,1254.312
002_1.jpg,972.5772,1255.8617
002_1.jpg,923.58215,1257.5173
002_1.jpg,875.6307,1259.0017
002_1.jpg,828.7162,1260.5745
002_1.jpg,1533.6105,1153.9038
002_1.jpg,1471.1255,1156.8379
002_1.jpg,1410.0878,1159.6968
002_1.jpg,1350.6094,1162.6029
002_1.jpg,1292.5679,1165.2297
002_1.jpg,1235.8844,1168.0946
002_1.jpg,1180.6316,1170.822
002_1.jpg,1126.554,1173.3755
002_1.jpg,1074.5736,1175.9865
002_1.jpg,1022.766,1178.5396
002_1.jpg,972.34973,1180.9775
002_1.jpg,923.3274,1183.4663
002_1.jpg,875.28796,1185.8275
002_1.jpg,828.59393,1188.1357
002_1.jpg,1532.7365,1069.3434
002_1.jpg,1470.1296,1073.4092
002_1.jpg,1409.2266,1077.3304
002_1.jpg,1349.7842,1081.2665
002_1.jpg,1291.8113,1085.0436
002_1.jpg,1235.1561,1088.805
002_1.jpg,1179.9579,1092.5459
002_1.jpg,1126.0117,1096.1753
002_1.jpg,1073.4686,1099.6006
002_1.jpg,1022.07983,1102.9789
002_1.jpg,971.92645,1106.2986
002_1.jpg,922.9028,1109.5933
002_1.jpg,874.9942,1112.8049
002_1.jpg,828.14484,1115.9434
002_1.jpg,1531.3982,985.07654
002_1.jpg,1469.0778,990.20337
002_1.jpg,1408.3059,995.2078
002_1.jpg,1348.9514,1000.1962
002_1.jpg,1291.0712,1004.97504
002_1.jpg,1234.5786,1009.8219
002_1.jpg,1179.4111,1014.44
002_1.jpg,1125.574,1018.91315
002_1.jpg,1073.0364,1023.3511
002_1.jpg,1021.69653,1027.5566
002_1.jpg,971.59015,1031.7598
002_1.jpg,922.64844,1035.9482
002_1.jpg,874.80676,1039.8962
002_1.jpg,827.95575,1043.8716
002_1.jpg,1530.3302,900.83936
002_1.jpg,1468.1053,907.09485
002_1.jpg,1407.3657,913.16895
002_1.jpg,1348.1278,919.2036
002_1.jpg,1290.3032,924.9883
002_1.jpg,1233.8694,930.7404
002_1.jpg,1178.8605,936.4024
002_1.jpg,1124.9865,941.7087
002_1.jpg,1072.5906,947.1272
002_1.jpg,1021.3797,952.21
002_1.jpg,971.2654,957.33075
002_1.jpg,922.33575,962.2792
002_1.jpg,874.6041,967.1725
002_1.jpg,827.99994,971.9352
002_1.jpg,1529.3231,816.8317
002_1.jpg,1467.2366,824.40405
002_1.jpg,1406.3984,831.3036
002_1.jpg,1347.2574,838.32837
002_1.jpg,1289.6178,845.08966
002_1.jpg,1233.1637,851.8148
002_1.jpg,1178.3217,858.37
002_1.jpg,1124.4724,864.68475
002_1.jpg,1072.0846,870.91064
002_1.jpg,1020.8518,876.93317
002_1.jpg,970.9074,882.9129
002_1.jpg,922.07996,888.75696
002_1.jpg,874.4183,894.46326
002_1.jpg,827.9545,900.0318
002_1.jpg,1528.0566,733.0772
002_1.jpg,1466.2894,741.51904
002_1.jpg,1405.3822,749.66534
002_1.jpg,1346.4475,757.70807
002_1.jpg,1288.8165,765.46985
002_1.jpg,1232.5828,773.0907
002_1.jpg,1177.7814,780.57196
002_1.jpg,1124.0543,787.79376
002_1.jpg,1071.7076,794.9363
002_1.jpg,1020.6543,801.88416
002_1.jpg,970.4259,808.651
002_1.jpg,921.82556,815.3231
002_1.jpg,874.178,821.8775
002_1.jpg,827.84973,828.2381
003_1.jpg,653.34595,782.46106
003_1.jpg,732.50085,782.7149
003_1.jpg,810.87256,782.97485
003_1.jpg,888.2344,783.2499
003_1.jpg,964.6472,783.6137
003_1.jpg,1040.3301,783.94934
003_1.jpg,1115.1146,784.3103
003_1.jpg,1189.0508,784.7087
003_1.jpg,1262.1833,785.05023
003_1.jpg,1334.46,785.4035
003_1.jpg,1405.885,785.8536
003_1.jpg,1476.5216,786.17896
003_1.jpg,1546.1073,786.6753
003_1.jpg,1615.139,786.99255
003_1.jpg,655.4454,863.1786
003_1.jpg,734.70844,862.9518
003_1.jpg,813.0771,862.76917
003_1.jpg,890.5173,862.56885
003_1.jpg,967.1206,862.43146
003_1.jpg,1042.8477,862.3635
003_1.jpg,1117.7264,862.23236
003_1.jpg,1191.6641,862.1873
003_1.jpg,1264.905,862.07526
003_1.jpg,1337.1573,861.96893
003_1.jpg,1408.6768,861.9679
003_1.jpg,1479.3582,861.88464
003_1.jpg,1549.2683,862.05597
003_1.jpg,1618.1833,861.83417
003_1.jpg,657.67114,943.9694
003_1.jpg,736.9607,943.3144
003_1.jpg,815.3793,942.669
003_1.jpg,892.87415,942.0413
003_1.jpg,969.5048,941.45087
003_1.jpg,1045.3333,940.914
003_1.jpg,1120.306,940.3393
003_1.jpg,1194.3082,939.8353
003_1.jpg,1267.5597,939.2767
003_1.jpg,1339.919,938.7258
003_1.jpg,1411.4525,938.27576
003_1.jpg,1482.1602,937.7467
003_1.jpg,1552.0043,937.29974
003_1.jpg,1621.0947,936.8863
003_1.jpg,659.9461,1024.9342
003_1.jpg,739.2723,1023.8022
003_1.jpg,817.7217,1022.7224
003_1.jpg,895.27167,1021.5946
003_1.jpg,971.9887,1020.5413
003_1.jpg,1047.8519,1019.53204
003_1.jpg,1122.825,1018.5184
003_1.jpg,1196.9364,1017.57306
003_1.jpg,1270.2191,1016.5377
003_1.jpg,1342.6321,1015.5341
003_1.jpg,1414.2083,1014.6569
003_1.jpg,1484.9567,1013.69415
003_1.jpg,1554.9366,1012.8238
003_1.jpg,1623.9868,1011.9767
003_1.jpg,662.27576,1105.9081
003_1.jpg,741.6317,1104.3035
003_1.jpg,820.13403,1102.7947
003_1.jpg,897.7469,1101.1783
003_1.jpg,974.51733,1099.6826
003_1.jpg,1050.434,1098.2072
003_1.jpg,1125.4761,1096.7135
003_1.jpg,1199.606,1095.2881
003_1.jpg,1272.93,1093.7994
003_1.jpg,1345.3903,1092.3551
003_1.jpg,1416.9872,1091.0742
003_1.jpg,1487.7585,1089.6599
003_1.jpg,1557.7186,1088.4177
003_1.jpg,1626.731,1087.1448
003_1.jpg,664.45026,1187.082
003_1.jpg,743.98724,1185.0166
003_1.jpg,822.47534,1182.9762
003_1.jpg,900.1685,1180.9058
003_1.jpg,976.921,1178.9437
003_1.jpg,1052.6819,1176.9677
003_1.jpg,1128.0245,1174.9982
003_1.jpg,1202.1721,1173.1177
003_1.jpg,1275.5507,1171.1989
003_1.jpg,1348.0695,1169.3007
003_1.jpg,1419.6855,1167.5687
003_1.jpg,1490.5134,1165.819
003_1.jpg,1560.4858,1164.0922
003_1.jpg,1629.7379,1162.4514
003_1.jpg,666.86584,1268.4108
003_1.jpg,746.2998,1265.831
003_1.jpg,824.9014,1263.3699
003_1.jpg,902.6727,1260.7705
003_1.jpg,979.6828,1258.3175
003_1.jpg,1055.6688,1255.8835
003_1.jpg,1130.5587,1253.4681
003_1.jpg,1204.8005,1251.1163
003_1.jpg,1278.1881,1248.7252
003_1.jpg,1350.6948,1246.3733
003_1.jpg,1422.3445,1244.2135
003_1.jpg,1493.2169,1242.023
003_1.jpg,1563.2152,1239.9398
003_1.jpg,1632.4113,1237.8401
003_1.jpg,669.192,1349.8942
003_1.jpg,748.7113,1346.799
003_1.jpg,827.3592,1343.8263
003_1.jpg,905.08905,1340.7842
003_1.jpg,981.8828,1337.872
003_1.jpg,1058.0289,1334.9396
003_1.jpg,1133.0808,1332.0369
003_1.jpg,1207.343,1329.2343
003_1.jpg,1280.7913,1326.4299
003_1.jpg,1353.2982,1323.5973
003_1.jpg,1424.9711,1320.982
003_1.jpg,1495.8428,1318.3829
003_1.jpg,1565.8724,1315.841
003_1.jpg,1634.9048,1313.3474
003_1.jpg,671.6627,1431.381
003_1.jpg,751.15643,1427.8326
003_1.jpg,829.84094,1424.2526
003_1.jpg,907.62915,1420.861
003_1.jpg,984.44104,1417.5206
003_1.jpg,1060.6205,1414.0657
003_1.jpg,1135.6095,1410.7102
003_1.jpg,1209.9241,1407.3661
003_1.jpg,1283.3248,1404.1339
003_1.jpg,1355.9678,1400.8529
003_1.jpg,1427.5974,1397.773
003_1.jpg,1498.3821,1394.7223
003_1.jpg,1568.4572,1391.7758
003_1.jpg,1637.6666,1388.8899
003_1.jpg,674.0862,1512.9309
003_1.jpg,753.57306,1508.8403
003_1.jpg,832.3017,1504.6938
003_1.jpg,910.2151,1500.9219
003_1.jpg,986.8054,1497.0579
003_1.jpg,1063.1533,1493.13
003_1.jpg,1138.1221,1489.3743
003_1.jpg,1212.5359,1485.5013
003_1.jpg,1285.7261,1481.9064
003_1.jpg,1358.448,1478.184
003_1.jpg,1430.0502,1474.55
003_1.jpg,1500.8416,1471.1605
003_1.jpg,1570.9092,1467.7817
003_1.jpg,1640.1461,1464.4355
004_1.jpg,1520.1334,1441.5039
004_1.jpg,1468.5028,1448.1199
004_1.jpg,1415.7177,1454.9038
004_1.jpg,1362.0474,1461.8442
004_1.jpg,1307.1251,1469.0897
004_1.jpg,1250.5844,1476.5791
004_1.jpg,1193.3971,1484.1079
004_1.jpg,1134.278,1492.0271
004_1.jpg,1074.4757,1499.9592
004_1.jpg,1012.1675,1508.2472
004_1.jpg,949.6885,1516.62
004_1.jpg,884.73724,1525.0167
004_1.jpg,818.50977,1534.0073
004_1.jpg,750.86584,1543.137
004_1.jpg,1517.6245,1368.4648
004_1.jpg,1466.0776,1374.3286
004_1.jpg,1413.1887,1380.2811
004_1.jpg,1359.4838,1386.5194
004_1.jpg,1304.4545,1392.8433
004_1.jpg,1247.9575,1399.4701
004_1.jpg,1190.4015,1406.2144
004_1.jpg,1131.3684,1413.1954
004_1.jpg,1071.2922,1420.26
004_1.jpg,1009.3732,1427.5548
004_1.jpg,946.25073,1434.9741
004_1.jpg,881.5186,1442.4832
004_1.jpg,815.22095,1450.3707
004_1.jpg,747.456,1458.4122
004_1.jpg,1514.8356,1295.2925
004_1.jpg,1463.4487,1300.4053
004_1.jpg,1410.6476,1305.6259
004_1.jpg,1356.6774,1310.9832
004_1.jpg,1301.5382,1316.4656
004_1.jpg,1245.1686,1322.2769
004_1.jpg,1187.4166,1328.1583
004_1.jpg,1128.4089,1334.1263
004_1.jpg,1068.1111,1340.321
004_1.jpg,1006.14996,1346.6543
004_1.jpg,942.99603,1353.0973
004_1.jpg,878.21466,1359.769
004_1.jpg,811.8781,1366.5336
004_1.jpg,743.89935,1373.6039
004_1.jpg,1512.4844,1222.0636
004_1.jpg,1460.7809,1226.3745
004_1.jpg,1408.0051,1230.8441
004_1.jpg,1353.866,1235.3889
004_1.jpg,1298.7,1240.0118
004_1.jpg,1242.2526,1244.9142
004_1.jpg,1184.5243,1249.9823
004_1.jpg,1125.4468,1255.0482
004_1.jpg,1065.4166,1260.3007
004_1.jpg,1003.58734,1265.723
004_1.jpg,939.8773,1271.157
004_1.jpg,874.9155,1276.8807
004_1.jpg,808.5241,1282.6492
004_1.jpg,740.58453,1288.5696
004_1.jpg,1509.9506,1148.7681
004_1.jpg,1458.0535,1152.3386
004_1.jpg,1405.177,1156.0146
004_1.jpg,1351.0702,1159.7661
004_1.jpg,1295.8099,1163.5486
004_1.jpg,1239.3062,1167.6345
004_1.jpg,1181.439,1171.7479
004_1.jpg,1122.4265,1175.9252
004_1.jpg,1061.3108,1180.1956
004_1.jpg,999.74084,1184.6686
004_1.jpg,936.5289,1189.2246
004_1.jpg,871.5589,1193.8796
004_1.jpg,805.2004,1198.6096
004_1.jpg,736.93756,1203.5137
004_1.jpg,1506.9402,1075.4598
004_1.jpg,1455.3158,1078.2737
004_1.jpg,1402.349,1081.0757
004_1.jpg,1348.2175,1084.0878
004_1.jpg,1292.9576,1087.1115
004_1.jpg,1236.3616,1090.2756
004_1.jpg,1178.4983,1093.5426
004_1.jpg,1119.345,1096.8171
004_1.jpg,1058.8066,1100.2778
004_1.jpg,996.8052,1103.7308
004_1.jpg,933.3032,1107.2065
004_1.jpg,868.3885,1110.9226
004_1.jpg,801.8933,1114.623
004_1.jpg,733.8092,1118.4756
004_1.jpg,1504.3865,1002.1361
004_1.jpg,1452.6506,1004.25037
004_1.jpg,1399.456,1006.21313
004_1.jpg,1345.3282,1008.4609
004_1.jpg,1289.9457,1010.5922
004_1.jpg,1233.325,1012.99866
004_1.jpg,1175.425,1015.37854
004_1.jpg,1116.2241,1017.68445
004_1.jpg,1055.5781,1020.11945
004_1.jpg,993.5345,1022.60516
004_1.jpg,930.01025,1025.1881
004_1.jpg,865.0254,1027.8745
004_1.jpg,798.4688,1030.5695
004_1.jpg,730.33923,1033.4218
004_1.jpg,1501.5505,928.7451
004_1.jpg,1449.6051,929.98334
004_1.jpg,1396.6354,931.25995
004_1.jpg,1342.4093,932.6474
004_1.jpg,1286.9752,933.9481
004_1.jpg,1230.3303,935.4314
004_1.jpg,1172.3335,936.9219
004_1.jpg,1113.1907,938.3429
004_1.jpg,1052.4982,940.00366
004_1.jpg,990.3124,941.46124
004_1.jpg,926.8284,943.11444
004_1.jpg,861.7712,944.72784
004_1.jpg,795.1136,946.5309
004_1.jpg,726.8256,948.2531
004_1.jpg,1498.7344,855.2722
004_1.jpg,1446.9741,856.09827
004_1.jpg,1393.806,856.23346
004_1.jpg,1339.4979,856.7592
004_1.jpg,1283.9867,857.2201
004_1.jpg,1227.3912,857.8084
004_1.jpg,1169.2441,858.4536
004_1.jpg,1110.1523,858.9808
004_1.jpg,1049.3909,859.6622
004_1.jpg,987.29156,860.16815
004_1.jpg,923.6742,860.82684
004_1.jpg,858.5962,861.59973
004_1.jpg,791.86005,862.29333
004_1.jpg,723.3711,863.04724
004_1.jpg,1495.8062,781.8479
004_1.jpg,1443.6216,781.53235
004_1.jpg,1390.9038,781.1817
004_1.jpg,1336.5461,780.90753
004_1.jpg,1281.1366,780.56506
004_1.jpg,1224.2788,780.1989
004_1.jpg,1166.2311,779.9214
004_1.jpg,1106.8832,779.5611
004_1.jpg,1046.236,779.25616
004_1.jpg,984.02386,778.9188
004_1.jpg,920.65063,778.5719
004_1.jpg,855.5155,778.2864
004_1.jpg,788.6038,778.0588
004_1.jpg,720.141,777.75366
005_1.jpg,1643.3591,1455.9697
005_1.jpg,1569.9247,1432.398
005_1.jpg,1496.3795,1408.801
005_1.jpg,1422.7032,1385.1802
005_1.jpg,1348.8165,1361.6891
005_1.jpg,1274.7078,1338.069
005_1.jpg,1200.5377,1314.4119
005_1.jpg,1126.1816,1290.8956
005_1.jpg,1051.8015,1267.191
005_1.jpg,977.1473,1243.5413
005_1.jpg,902.6158,1219.833
005_1.jpg,827.9946,1195.9905
005_1.jpg,753.17206,1172.4036
005_1.jpg,678.3941,1148.7008
005_1.jpg,1666.9542,1382.4742
005_1.jpg,1593.6179,1358.8535
005_1.jpg,1520.0504,1335.2197
005_1.jpg,1446.3652,1311.5712
005_1.jpg,1372.5052,1287.9132
005_1.jpg,1298.4242,1264.33
005_1.jpg,1224.216,1240.6506
005_1.jpg,1149.9025,1217.0221
005_1.jpg,1075.5404,1193.3274
005_1.jpg,1000.9313,1169.6178
005_1.jpg,926.41235,1145.8425
005_1.jpg,851.789,1122.0175
005_1.jpg,777.0407,1098.3077
005_1.jpg,702.25726,1074.5988
005_1.jpg,1690.4136,1308.9646
005_1.jpg,1617.1414,1285.3427
005_1.jpg,1543.6113,1261.6088
005_1.jpg,1469.9231,1237.95
005_1.jpg,1396.0703,1214.1927
005_1.jpg,1322.0468,1190.579
005_1.jpg,1247.879,1166.8643
005_1.jpg,1173.6274,1143.1017
005_1.jpg,1099.2578,1119.3851
005_1.jpg,1024.7268,1095.5856
005_1.jpg,950.18665,1071.8337
005_1.jpg,875.59644,1048.0433
005_1.jpg,800.9564,1024.2249
005_1.jpg,726.1953,1000.4317
005_1.jpg,1713.9327,1235.4478
005_1.jpg,1640.5995,1211.7367
005_1.jpg,1567.1376,1188.0245
005_1.jpg,1493.46,1164.3048
005_1.jpg,1419.6819,1140.5024
005_1.jpg,1345.6823,1116.7959
005_1.jpg,1271.5388,1093.0411
005_1.jpg,1197.3297,1069.2328
005_1.jpg,1122.9999,1045.4897
005_1.jpg,1048.5629,1021.6335
005_1.jpg,974.0621,997.8076
005_1.jpg,899.46643,974.0321
005_1.jpg,824.84235,950.18677
005_1.jpg,750.19586,926.3481
005_1.jpg,1737.2816,1162.0222
005_1.jpg,1663.975,1138.2245
005_1.jpg,1590.5225,1114.4814
005_1.jpg,1516.9072,1090.7695
005_1.jpg,1443.165,1066.8848
005_1.jpg,1369.2114,1043.14
005_1.jpg,1295.1439,1019.36584
005_1.jpg,1220.9799,995.5057
005_1.jpg,1146.6658,971.7102
005_1.jpg,1072.3398,947.84186
005_1.jpg,997.8858,923.9289
005_1.jpg,923.36334,900.1217
005_1.jpg,848.80347,876.2014
005_1.jpg,774.15106,852.3146
005_1.jpg,1760.4392,1088.5028
005_1.jpg,1687.2916,1064.8414
005_1.jpg,1613.866,1040.9987
005_1.jpg,1540.2714,1017.2586
005_1.jpg,1466.5999,993.3953
005_1.jpg,1392.7015,969.6093
005_1.jpg,1318.6786,945.798
005_1.jpg,1244.6033,921.9031
005_1.jpg,1170.3687,898.03705
005_1.jpg,1096.0635,874.10455
005_1.jpg,1021.67865,850.1811
005_1.jpg,947.1951,826.3124
005_1.jpg,872.7061,802.366
005_1.jpg,798.154,778.4832
005_1.jpg,1783.669,1015.18744
005_1.jpg,1710.4739,991.47235
005_1.jpg,1637.0918,967.6318
005_1.jpg,1563.5541,943.88666
005_1.jpg,1489.9268,919.9575
005_1.jpg,1416.1067,896.1648
005_1.jpg,1342.1685,872.30255
005_1.jpg,1268.1254,848.35767
005_1.jpg,1193.9824,824.4553
005_1.jpg,1119.7372,800.47784
005_1.jpg,1045.4027,776.52844
005_1.jpg,971.01385,752.6078
005_1.jpg,896.5735,728.6395
005_1.jpg,822.06354,704.71387
005_1.jpg,1806.6631,941.91547
005_1.jpg,1733.5782,918.13306
005_1.jpg,1660.3002,894.2657
005_1.jpg,1586.8665,870.4669
005_1.jpg,1513.279,846.54425
005_1.jpg,1439.5459,822.6796
005_1.jpg,1365.6582,798.79663
005_1.jpg,1291.7156,774.80475
005_1.jpg,1217.6344,750.8786
005_1.jpg,1143.4534,726.8758
005_1.jpg,1069.1956,702.9037
005_1.jpg,994.85815,678.94806
005_1.jpg,920.4779,654.98535
005_1.jpg,846.05853,631.07196
005_1.jpg,1829.7048,868.65924
005_1.jpg,1756.7191,845.0183
005_1.jpg,1683.4884,820.9617
005_1.jpg,1610.1028,797.1485
005_1.jpg,1536.6029,773.15
005_1.jpg,1462.9529,749.24384
005_1.jpg,1389.1398,725.313
005_1.jpg,1315.2755,701.3036
005_1.jpg,1241.2721,677.34174
005_1.jpg,1167.1569,653.3063
005_1.jpg,1092.9736,629.32874
005_1.jpg,1018.7038,605.38794
005_1.jpg,944.39276,581.3938
005_1.jpg,870.03656,557.4714
005_1.jpg,1852.5828,795.5367
005_1.jpg,1779.6024,771.72736
005_1.jpg,1706.5852,747.7963
005_1.jpg,1633.3279,723.98425
005_1.jpg,1559.8732,699.93317
005_1.jpg,1486.2811,675.9683
005_1.jpg,1412.5629,652.0119
005_1.jpg,1338.763,627.9691
005_1.jpg,1264.8541,603.9467
005_1.jpg,1190.8229,579.92944
005_1.jpg,1116.7195,555.85345
005_1.jpg,1042.5813,531.9168
005_1.jpg,968.2784,507.91922
005_1.jpg,894.03253,483.97363
006_1.jpg,1550.8309,1554.532
006_1.jpg,1487.1191,1511.6842
006_1.jpg,1423.2355,1468.7156
006_1.jpg,1359.2246,1425.6523
006_1.jpg,1294.9459,1382.6461
006_1.jpg,1230.4121,1339.445
006_1.jpg,1165.8218,1296.194
006_1.jpg,1100.9374,1252.94
006_1.jpg,1036.0798,1209.5067
006_1.jpg,970.87604,1165.9995
006_1.jpg,905.8212,1122.4921
006_1.jpg,840.58655,1078.7584
006_1.jpg,775.1041,1035.2242
006_1.jpg,709.68164,991.50964
006_1.jpg,1593.8883,1490.5817
006_1.jpg,1530.2576,1447.6611
006_1.jpg,1466.4119,1404.6263
006_1.jpg,1402.4136,1361.5757
006_1.jpg,1338.1866,1318.3849
006_1.jpg,1273.7075,1275.2483
006_1.jpg,1209.1189,1231.892
006_1.jpg,1144.3379,1188.4962
006_1.jpg,1079.4951,1145.0719
006_1.jpg,1014.40814,1101.5054
006_1.jpg,949.3181,1057.8977
006_1.jpg,884.1694,1014.19183
006_1.jpg,818.77924,970.5224
006_1.jpg,753.3783,926.7434
006_1.jpg,1636.7708,1426.5474
006_1.jpg,1573.246,1383.6439
006_1.jpg,1509.4672,1340.5289
006_1.jpg,1445.4742,1297.383
006_1.jpg,1381.3224,1254.1243
006_1.jpg,1316.9319,1210.8815
006_1.jpg,1252.3662,1167.5138
006_1.jpg,1187.6921,1124.0745
006_1.jpg,1122.8744,1080.585
006_1.jpg,1057.8779,1036.9283
006_1.jpg,992.86206,993.2801
006_1.jpg,927.6804,949.6368
006_1.jpg,862.4588,905.87024
006_1.jpg,797.105,862.0337
006_1.jpg,1679.7378,1362.544
006_1.jpg,1616.1871,1319.5304
006_1.jpg,1552.4916,1276.4167
006_1.jpg,1488.5237,1233.2006
006_1.jpg,1424.4666,1189.8774
006_1.jpg,1360.1294,1146.5848
006_1.jpg,1295.6494,1103.1837
006_1.jpg,1231.0376,1059.646
006_1.jpg,1166.3151,1016.1232
006_1.jpg,1101.4229,972.44434
006_1.jpg,1036.4171,928.7359
006_1.jpg,971.3004,885.0257
006_1.jpg,906.1351,841.19727
006_1.jpg,840.8472,797.41486
006_1.jpg,1722.4891,1298.5851
006_1.jpg,1659.0042,1255.4672
006_1.jpg,1595.3433,1212.3127
006_1.jpg,1531.461,1169.1346
006_1.jpg,1467.48,1125.7249
006_1.jpg,1403.206,1082.3883
006_1.jpg,1338.8197,1038.933
006_1.jpg,1274.296,995.348
006_1.jpg,1209.5543,951.75183
006_1.jpg,1144.8297,908.0824
006_1.jpg,1079.9255,864.30054
006_1.jpg,1014.8895,820.55035
006_1.jpg,949.8075,776.6725
006_1.jpg,884.5817,732.77014
006_1.jpg,1765.0647,1234.4924
006_1.jpg,1701.7279,1191.4662
006_1.jpg,1638.1315,1148.26
006_1.jpg,1574.3186,1105.0646
006_1.jpg,1510.4008,1061.6531
006_1.jpg,1446.1986,1018.26044
006_1.jpg,1381.887,974.7806
006_1.jpg,1317.4613,931.18286
006_1.jpg,1252.8689,887.5113
006_1.jpg,1188.1671,843.7655
006_1.jpg,1123.3488,799.96857
006_1.jpg,1058.4049,756.1766
006_1.jpg,993.38513,712.285
006_1.jpg,928.28644,668.39984
006_1.jpg,1807.712,1170.6338
006_1.jpg,1744.3267,1127.5712
006_1.jpg,1680.769,1084.2928
006_1.jpg,1617.0343,1041.059
006_1.jpg,1553.2067,997.68036
006_1.jpg,1489.0994,954.223
006_1.jpg,1424.8528,910.70636
006_1.jpg,1360.5299,867.02655
006_1.jpg,1296.0343,823.3447
006_1.jpg,1231.4219,779.5554
006_1.jpg,1166.6884,735.74286
006_1.jpg,1101.8368,691.9015
006_1.jpg,1036.9133,647.96295
006_1.jpg,971.85077,604.0761
006_1.jpg,1850.077,1106.6971
006_1.jpg,1786.7975,1063.5813
006_1.jpg,1723.3992,1020.34796
006_1.jpg,1659.751,977.097
006_1.jpg,1595.9911,933.58856
006_1.jpg,1532.0176,890.1659
006_1.jpg,1467.8483,846.61005
006_1.jpg,1403.6414,802.91644
006_1.jpg,1339.2272,759.2139
006_1.jpg,1274.7058,715.3808
006_1.jpg,1210.067,671.5402
006_1.jpg,1145.2954,627.66785
006_1.jpg,1080.4463,583.7415
006_1.jpg,1015.4804,539.8389
006_1.jpg,1892.5037,1042.8577
006_1.jpg,1829.306,999.8765
006_1.jpg,1766.0353,956.47864
006_1.jpg,1702.4233,913.1087
006_1.jpg,1638.7579,869.61597
006_1.jpg,1574.898,826.15967
006_1.jpg,1510.8153,782.53754
006_1.jpg,1446.7064,738.8381
006_1.jpg,1382.3857,695.0951
006_1.jpg,1317.959,651.24426
006_1.jpg,1253.3877,607.3968
006_1.jpg,1188.717,563.5591
006_1.jpg,1123.941,519.6
006_1.jpg,1059.0809,475.6638
006_1.jpg,1934.7064,979.07355
006_1.jpg,1871.5623,935.9109
006_1.jpg,1808.4469,892.63
006_1.jpg,1744.9896,849.30475
006_1.jpg,1681.453,805.8112
006_1.jpg,1617.6381,762.2297
006_1.jpg,1553.6978,718.6086
006_1.jpg,1489.6522,674.88135
006_1.jpg,1425.4642,631.1069
006_1.jpg,1361.118,587.2776
006_1.jpg,1296.6794,543.34357
006_1.jpg,1232.1423,499.5323
006_1.jpg,1167.4071,455.54044
006_1.jpg,1102.6458,411.61243
007_1.jpg,1805.8135,1039.6132
007_1.jpg,1731.7943,1066.1157
007_1.jpg,1657.862,1092.6088
007_1.jpg,1584.0168,1119.0641
007_1.jpg,1510.3875,1145.6913
007_1.jpg,1436.789,1172.214
007_1.jpg,1363.2845,1198.7119
007_1.jpg,1290.0111,1225.2932
007_1.jpg,1216.7826,1251.703
007_1.jpg,1143.8267,1278.1838
007_1.jpg,1070.9689,1304.5231
007_1.jpg,998.35864,1330.6503
007_1.jpg,925.93463,1357.0431
007_1.jpg,853.7134,1383.2909
007_1.jpg,1779.5289,966.18256
007_1.jpg,1705.4506,992.7454
007_1.jpg,1631.5374,1019.35724
007_1.jpg,1557.6831,1045.9502
007_1.jpg,1483.9323,1072.5321
007_1.jpg,1410.3971,1099.2681
007_1.jpg,1336.884,1125.8398
007_1.jpg,1263.5852,1152.4313
007_1.jpg,1190.4281,1179.0027
007_1.jpg,1117.3988,1205.496
007_1.jpg,1044.5947,1231.9148
007_1.jpg,971.9526,1258.2549
007_1.jpg,899.54663,1284.6298
007_1.jpg,827.3538,1310.912
007_1.jpg,1753.006,892.7101
007_1.jpg,1678.9946,919.41394
007_1.jpg,1605.034,946.0625
007_1.jpg,1531.2085,972.79175
007_1.jpg,1457.4387,999.44995
007_1.jpg,1383.9042,1026.1989
007_1.jpg,1310.436,1052.9032
007_1.jpg,1237.1356,1079.5327
007_1.jpg,1163.9905,1106.1967
007_1.jpg,1090.9323,1132.7499
007_1.jpg,1018.15607,1159.2836
007_1.jpg,945.60394,1185.7451
007_1.jpg,873.1811,1212.0997
007_1.jpg,801.0136,1238.5042
007_1.jpg,1726.4673,819.21924
007_1.jpg,1652.4236,846.0159
007_1.jpg,1578.5227,872.79034
007_1.jpg,1504.682,899.55334
007_1.jpg,1430.9579,926.2743
007_1.jpg,1357.4197,953.1004
007_1.jpg,1283.9604,979.89124
007_1.jpg,1210.6499,1006.5887
007_1.jpg,1137.4714,1033.3691
007_1.jpg,1064.5164,1060.0676
007_1.jpg,991.7647,1086.5604
007_1.jpg,919.2047,1113.1399
007_1.jpg,846.8379,1139.6261
007_1.jpg,774.70575,1166.0522
007_1.jpg,1699.7977,745.80096
007_1.jpg,1625.8167,772.7184
007_1.jpg,1551.8975,799.5552
007_1.jpg,1478.1322,826.42163
007_1.jpg,1404.433,853.1848
007_1.jpg,1330.8889,880.11554
007_1.jpg,1257.4902,906.9542
007_1.jpg,1184.1978,933.74554
007_1.jpg,1111.2137,960.494
007_1.jpg,1038.2435,987.23376
007_1.jpg,965.43585,1013.882
007_1.jpg,892.9179,1040.5828
007_1.jpg,820.5504,1067.0789
007_1.jpg,748.42206,1093.5769
007_1.jpg,1673.0171,672.45514
007_1.jpg,1599.1356,699.431
007_1.jpg,1525.267,726.3289
007_1.jpg,1451.5282,753.3093
007_1.jpg,1377.8918,780.1838
007_1.jpg,1304.3875,807.1673
007_1.jpg,1231.0122,834.12
007_1.jpg,1157.8018,860.96
007_1.jpg,1084.7439,887.8006
007_1.jpg,1011.84296,914.58124
007_1.jpg,939.1183,941.3079
007_1.jpg,866.6226,968.0239
007_1.jpg,794.3068,994.60474
007_1.jpg,722.2286,1021.18134
007_1.jpg,1646.2847,599.13293
007_1.jpg,1572.4175,626.301
007_1.jpg,1498.5825,653.21783
007_1.jpg,1424.8989,680.281
007_1.jpg,1351.2999,707.2469
007_1.jpg,1277.8661,734.2937
007_1.jpg,1204.5391,761.29706
007_1.jpg,1131.3451,788.1909
007_1.jpg,1058.3445,815.0913
007_1.jpg,985.46466,841.92114
007_1.jpg,912.8304,868.75696
007_1.jpg,840.3514,895.51666
007_1.jpg,768.082,922.1683
007_1.jpg,696.01807,948.8303
007_1.jpg,1619.4967,525.8864
007_1.jpg,1545.6382,553.0025
007_1.jpg,1471.8877,580.0481
007_1.jpg,1398.2494,607.202
007_1.jpg,1324.7035,634.2196
007_1.jpg,1251.3134,661.33057
007_1.jpg,1178.0331,688.3997
007_1.jpg,1104.8881,715.36395
007_1.jpg,1031.9528,742.34656
007_1.jpg,959.14276,769.23987
007_1.jpg,886.5215,796.1487
007_1.jpg,814.10486,822.9726
007_1.jpg,741.8951,849.7346
007_1.jpg,669.94,876.49255
007_1.jpg,1592.668,452.60046
007_1.jpg,1518.9941,479.86914
007_1.jpg,1445.1628,506.9268
007_1.jpg,1371.5763,534.1322
007_1.jpg,1298.0732,561.1925
007_1.jpg,1224.7277,588.3542
007_1.jpg,1151.5188,615.4827
007_1.jpg,1078.4204,642.5156
007_1.jpg,1005.53046,669.56067
007_1.jpg,932.7609,696.53265
007_1.jpg,860.222,723.52435
007_1.jpg,787.88885,750.4634
007_1.jpg,715.74115,777.3082
007_1.jpg,643.8656,804.1252
007_1.jpg,1565.7778,379.46805
007_1.jpg,1492.0842,406.76917
007_1.jpg,1418.4249,433.9115
007_1.jpg,1344.9175,461.17538
007_1.jpg,1271.4862,488.30103
007_1.jpg,1198.1937,515.4932
007_1.jpg,1125.0507,542.6643
007_1.jpg,1052.0029,569.75726
007_1.jpg,979.1685,596.85205
007_1.jpg,906.49817,623.92303
007_1.jpg,833.92456,650.9046
007_1.jpg,761.7319,677.8841
007_1.jpg,689.60034,704.90076
007_1.jpg,617.821,731.7605
008_1.jpg,1787.9459,896.95184
008_1.jpg,1723.0691,940.8304
008_1.jpg,1658.2552,984.6806
008_1.jpg,1593.4026,1028.5406
008_1.jpg,1528.7109,1072.5323
008_1.jpg,1464.033,1116.5485
008_1.jpg,1399.3114,1160.484
008_1.jpg,1334.7689,1204.516
008_1.jpg,1270.1726,1248.4019
008_1.jpg,1205.7391,1292.3793
008_1.jpg,1141.3268,1336.2144
008_1.jpg,1077.0226,1379.8402
008_1.jpg,1012.8942,1423.7169
008_1.jpg,948.8789,1467.4442
008_1.jpg,1744.2576,832.50256
008_1.jpg,1679.4037,876.4047
008_1.jpg,1614.5784,920.29254
008_1.jpg,1549.7932,964.30054
008_1.jpg,1485.0309,1008.2308
008_1.jpg,1420.3716,1052.2694
008_1.jpg,1355.7083,1096.3024
008_1.jpg,1291.144,1140.3162
008_1.jpg,1226.6356,1184.251
008_1.jpg,1162.1636,1228.2078
008_1.jpg,1097.832,1272.095
008_1.jpg,1033.5369,1315.8376
008_1.jpg,969.4128,1359.6616
008_1.jpg,905.40674,1403.3488
008_1.jpg,1700.4114,768.19727
008_1.jpg,1635.6431,812.1289
008_1.jpg,1570.8208,856.0216
008_1.jpg,1506.0613,900.0271
008_1.jpg,1441.2971,943.9842
008_1.jpg,1376.6709,988.0479
008_1.jpg,1312.0513,1032.0974
008_1.jpg,1247.4905,1076.0718
008_1.jpg,1183.0236,1120.0798
008_1.jpg,1118.5349,1164.1055
008_1.jpg,1054.29,1207.919
008_1.jpg,990.082,1251.7858
008_1.jpg,925.99634,1295.5751
008_1.jpg,862.0279,1339.3354
008_1.jpg,1656.5992,703.85754
008_1.jpg,1591.7932,747.8372
008_1.jpg,1527.048,791.77515
008_1.jpg,1462.328,835.8075
008_1.jpg,1397.5881,879.7506
008_1.jpg,1332.982,923.8294
008_1.jpg,1268.3907,967.8934
008_1.jpg,1203.8623,1011.87396
008_1.jpg,1139.4011,1055.9347
008_1.jpg,1075.0327,1099.9178
008_1.jpg,1010.7741,1143.7627
008_1.jpg,946.6075,1187.6646
008_1.jpg,882.55927,1231.4767
008_1.jpg,818.6793,1275.2081
008_1.jpg,1612.691,639.6908
008_1.jpg,1547.9432,683.6654
008_1.jpg,1483.233,727.66693
008_1.jpg,1418.5881,771.6985
008_1.jpg,1353.8868,815.6535
008_1.jpg,1289.3346,859.75885
008_1.jpg,1224.8069,903.824
008_1.jpg,1160.2922,947.8289
008_1.jpg,1096.0042,991.8391
008_1.jpg,1031.6351,1035.803
008_1.jpg,967.356,1079.7196
008_1.jpg,903.28265,1123.6602
008_1.jpg,839.25195,1167.4065
008_1.jpg,775.3843,1211.1674
008_1.jpg,1568.735,575.68994
008_1.jpg,1504.0968,619.6401
008_1.jpg,1439.4534,663.621
008_1.jpg,1374.8479,707.6905
008_1.jpg,1310.2534,751.6945
008_1.jpg,1245.7347,795.7904
008_1.jpg,1181.2661,839.8774
008_1.jpg,1116.8444,883.8787
008_1.jpg,1052.5079,927.9067
008_1.jpg,988.2259,971.86884
008_1.jpg,924.046,1015.7469
008_1.jpg,860.009,1059.7009
008_1.jpg,796.05457,1103.4683
008_1.jpg,732.2215,1147.2314
008_1.jpg,1524.8705,511.73016
008_1.jpg,1460.314,555.735
008_1.jpg,1395.6682,599.75507
008_1.jpg,1331.1488,643.84607
008_1.jpg,1266.613,687.84106
008_1.jpg,1202.1677,731.94867
008_1.jpg,1137.7577,776.04175
008_1.jpg,1073.3679,820.02734
008_1.jpg,1009.10504,864.0327
008_1.jpg,944.8853,907.9858
008_1.jpg,880.7806,951.9429
008_1.jpg,816.80096,995.8346
008_1.jpg,752.8818,1039.6146
008_1.jpg,689.1417,1083.4178
008_1.jpg,1480.944,447.89328
008_1.jpg,1416.4131,491.9085
008_1.jpg,1351.9188,535.8712
008_1.jpg,1287.4492,579.9724
008_1.jpg,1222.9698,623.98785
008_1.jpg,1158.587,668.07196
008_1.jpg,1094.253,712.1634
008_1.jpg,1029.9197,756.13904
008_1.jpg,965.7426,800.1691
008_1.jpg,901.5775,844.11035
008_1.jpg,837.523,888.0336
008_1.jpg,773.6208,931.97345
008_1.jpg,709.7987,975.8162
008_1.jpg,646.1488,1019.6129
008_1.jpg,1437.0734,384.09625
008_1.jpg,1372.8156,428.19656
008_1.jpg,1308.1473,472.10513
008_1.jpg,1243.7625,516.19604
008_1.jpg,1179.3491,560.17365
008_1.jpg,1115.0214,604.246
008_1.jpg,1050.75,648.33154
008_1.jpg,986.4784,692.30334
008_1.jpg,922.37604,736.3329
008_1.jpg,858.24756,780.2802
008_1.jpg,794.32336,824.2176
008_1.jpg,730.50433,868.151
008_1.jpg,666.7767,912.0031
008_1.jpg,603.2087,955.83563
008_1.jpg,1393.2156,320.53653
008_1.jpg,1328.8594,364.5695
008_1.jpg,1264.4692,408.49646
008_1.jpg,1200.149,452.5477
008_1.jpg,1135.8109,496.544
008_1.jpg,1071.5474,540.58966
008_1.jpg,1007.3593,584.63525
008_1.jpg,943.1462,628.6147
008_1.jpg,879.1017,672.61414
008_1.jpg,815.1303,716.5593
008_1.jpg,751.1633,760.4994
008_1.jpg,687.4753,804.3542
008_1.jpg,623.81244,848.2794
008_1.jpg,560.3306,892.0602
009_1.jpg,1840.162,1137.9166
009_1.jpg,1764.8582,1142.7112
009_1.jpg,1689.5543,1147.48
009_1.jpg,1614.1995,1152.4412
009_1.jpg,1538.9188,1157.5898
009_1.jpg,1463.462,1162.4998
009_1.jpg,1388.1256,1167.6362
009_1.jpg,1312.8163,1172.7096
009_1.jpg,1237.4492,1177.9403
009_1.jpg,1162.1213,1182.7104
009_1.jpg,1086.9469,1188.1735
009_1.jpg,1011.81476,1192.8773
009_1.jpg,936.70874,1198.1147
009_1.jpg,861.7705,1203.3004
009_1.jpg,1839.8848,1071.4733
009_1.jpg,1764.0105,1076.3901
009_1.jpg,1688.1559,1081.3033
009_1.jpg,1612.155,1086.3496
009_1.jpg,1536.2178,1091.3528
009_1.jpg,1460.2804,1096.4609
009_1.jpg,1384.2709,1101.6085
009_1.jpg,1308.328,1106.6785
009_1.jpg,1232.452,1111.9985
009_1.jpg,1156.4939,1117.164
009_1.jpg,1080.7574,1122.2041
009_1.jpg,1005.01056,1127.2949
009_1.jpg,929.38464,1132.586
009_1.jpg,853.8565,1137.6931
009_1.jpg,1839.4102,1003.8849
009_1.jpg,1763.0322,1009.1007
009_1.jpg,1686.4971,1014.02203
009_1.jpg,1610.008,1019.12317
009_1.jpg,1533.4069,1024.1389
009_1.jpg,1456.8643,1029.3303
009_1.jpg,1380.3135,1034.6105
009_1.jpg,1303.8074,1039.6992
009_1.jpg,1227.3229,1044.9672
009_1.jpg,1150.7788,1050.1421
009_1.jpg,1074.4587,1055.307
009_1.jpg,998.1723,1060.5409
009_1.jpg,921.98737,1065.7268
009_1.jpg,845.8557,1070.948
009_1.jpg,1839.0063,935.57635
009_1.jpg,1761.9318,940.6026
009_1.jpg,1684.8491,945.635
009_1.jpg,1607.6998,950.74054
009_1.jpg,1530.5529,955.85
009_1.jpg,1453.4755,961.18835
009_1.jpg,1376.2871,966.41064
009_1.jpg,1299.1816,971.59076
009_1.jpg,1222.0966,977.2141
009_1.jpg,1145.0764,982.47284
009_1.jpg,1068.135,987.5228
009_1.jpg,991.2058,992.83057
009_1.jpg,914.4558,997.912
009_1.jpg,837.8003,1003.32983
009_1.jpg,1838.4995,866.1672
009_1.jpg,1760.765,871.1614
009_1.jpg,1683.0724,876.266
009_1.jpg,1605.3569,881.4663
009_1.jpg,1527.6622,886.68646
009_1.jpg,1449.9019,891.95886
009_1.jpg,1372.1793,897.18164
009_1.jpg,1294.4545,902.53125
009_1.jpg,1216.821,907.3846
009_1.jpg,1139.2686,913.11255
009_1.jpg,1061.6836,918.3763
009_1.jpg,984.2412,923.7728
009_1.jpg,906.8844,929.2028
009_1.jpg,829.61743,934.3486
009_1.jpg,1837.6523,795.4303
009_1.jpg,1759.4827,800.71356
009_1.jpg,1681.2444,805.88556
009_1.jpg,1602.9165,811.1308
009_1.jpg,1524.6455,816.3961
009_1.jpg,1446.2814,821.73663
009_1.jpg,1367.9811,827.1036
009_1.jpg,1289.7605,832.55164
009_1.jpg,1211.4874,837.7751
009_1.jpg,1133.2981,843.1267
009_1.jpg,1055.1417,848.45557
009_1.jpg,977.13293,853.9376
009_1.jpg,899.19464,859.33215
009_1.jpg,821.3651,864.77844
009_1.jpg,1836.9614,724.0663
009_1.jpg,1758.2214,729.2551
009_1.jpg,1679.261,734.4037
009_1.jpg,1600.395,739.84753
009_1.jpg,1521.5035,745.02734
009_1.jpg,1442.5833,750.4319
009_1.jpg,1363.7223,756.0526
009_1.jpg,1284.8347,761.2818
009_1.jpg,1206.0223,766.6737
009_1.jpg,1127.2134,772.0592
009_1.jpg,1048.5134,777.54645
009_1.jpg,969.90704,782.95667
009_1.jpg,891.3727,788.4104
009_1.jpg,812.94354,793.8868
009_1.jpg,1836.161,651.24445
009_1.jpg,1756.7291,656.60254
009_1.jpg,1677.2998,661.7841
009_1.jpg,1597.8225,667.312
009_1.jpg,1518.3025,672.5519
009_1.jpg,1438.8159,677.9779
009_1.jpg,1359.3643,683.5387
009_1.jpg,1279.9006,688.96674
009_1.jpg,1200.5016,694.4723
009_1.jpg,1121.1151,699.81
009_1.jpg,1041.8022,705.39246
009_1.jpg,962.589,710.8555
009_1.jpg,883.47076,716.3968
009_1.jpg,804.4838,721.8969
009_1.jpg,1835.3271,577.25714
009_1.jpg,1755.5,582.8854
009_1.jpg,1675.2667,588.0809
009_1.jpg,1595.169,593.57263
009_1.jpg,1515.0575,598.81555
009_1.jpg,1435.0078,604.51215
009_1.jpg,1354.8771,609.8685
009_1.jpg,1274.8475,615.453
009_1.jpg,1194.8225,621.03436
009_1.jpg,1114.8516,626.5256
009_1.jpg,1034.9979,632.1242
009_1.jpg,955.17377,637.68805
009_1.jpg,875.4821,643.2822
009_1.jpg,795.8887,648.76544
009_1.jpg,1834.3677,502.35165
009_1.jpg,1753.7299,507.6106
009_1.jpg,1673.1456,513.2836
009_1.jpg,1592.4536,518.66956
009_1.jpg,1511.8092,524.14716
009_1.jpg,1431.0682,529.6154
009_1.jpg,1350.3917,535.1439
009_1.jpg,1269.695,540.7097
009_1.jpg,1189.123,546.36475
009_1.jpg,1108.5784,551.9708
009_1.jpg,1028.0317,557.67615
009_1.jpg,947.68115,563.3353
009_1.jpg,867.33057,568.9831
009_1.jpg,787.1685,574.5629
010_1.jpg,1830.7451,1026.3423
010_1.jpg,1755.7572,1029.5627
010_1.jpg,1680.8424,1032.7079
010_1.jpg,1605.749,1036.085
010_1.jpg,1530.7571,1039.5957
010_1.jpg,1455.694,1042.7839
010_1.jpg,1380.6499,1046.5618
010_1.jpg,1305.5696,1049.9229
010_1.jpg,1230.5846,1053.6858
010_1.jpg,1155.5521,1056.7156
010_1.jpg,1080.7009,1060.7179
010_1.jpg,1005.8303,1063.7567
010_1.jpg,931.0603,1067.4355
010_1.jpg,856.4457,1071.0171
010_1.jpg,1833.9906,969.73224
010_1.jpg,1758.2417,973.0277
010_1.jpg,1682.3914,976.3261
010_1.jpg,1606.5698,979.86597
010_1.jpg,1530.7257,983.4165
010_1.jpg,1454.8024,986.7468
010_1.jpg,1378.8835,990.3209
010_1.jpg,1302.9943,993.7716
010_1.jpg,1227.2142,997.51794
010_1.jpg,1151.3616,1000.99866
010_1.jpg,1075.6383,1004.50745
010_1.jpg,999.99426,1008.01294
010_1.jpg,924.4063,1011.60706
010_1.jpg,848.93,1015.2568
010_1.jpg,1837.1815,911.73035
010_1.jpg,1760.5996,915.387
010_1.jpg,1683.9675,918.7785
010_1.jpg,1607.2806,922.2961
010_1.jpg,1530.5367,925.7332
010_1.jpg,1453.7952,929.29645
010_1.jpg,1377.0703,932.9846
010_1.jpg,1300.3646,936.44244
010_1.jpg,1223.7129,940.1004
010_1.jpg,1146.9788,943.6572
010_1.jpg,1070.4692,947.2993
010_1.jpg,994.0349,950.98254
010_1.jpg,917.6234,954.4275
010_1.jpg,841.2854,958.09357
010_1.jpg,1840.5033,852.8433
010_1.jpg,1763.0089,856.31903
010_1.jpg,1685.5515,859.8977
010_1.jpg,1607.9371,863.3017
010_1.jpg,1530.3749,866.8395
010_1.jpg,1452.8462,870.54535
010_1.jpg,1375.2228,874.1314
010_1.jpg,1297.659,877.7216
010_1.jpg,1220.1494,881.79364
010_1.jpg,1142.6737,885.4292
010_1.jpg,1065.2404,888.8032
010_1.jpg,987.93726,892.45197
010_1.jpg,910.68695,896.00653
010_1.jpg,833.5735,899.7717
010_1.jpg,1843.7389,792.6089
010_1.jpg,1765.3735,796.0409
010_1.jpg,1687.019,799.6418
010_1.jpg,1608.5825,803.148
010_1.jpg,1530.1835,806.8005
010_1.jpg,1451.7211,810.4305
010_1.jpg,1373.2903,814.0347
010_1.jpg,1294.8662,817.783
010_1.jpg,1216.4836,820.8756
010_1.jpg,1138.2157,825.0537
010_1.jpg,1059.903,828.7759
010_1.jpg,981.75714,832.5375
010_1.jpg,903.67,836.3879
010_1.jpg,825.5914,839.9832
010_1.jpg,1846.928,730.80414
010_1.jpg,1767.7333,734.47595
010_1.jpg,1688.5117,738.03705
010_1.jpg,1609.2019,741.6603
010_1.jpg,1529.9537,745.34015
010_1.jpg,1450.5902,749.0695
010_1.jpg,1371.2874,752.8046
010_1.jpg,1292.0631,756.66516
010_1.jpg,1212.7977,760.43164
010_1.jpg,1133.5743,763.9455
010_1.jpg,1054.4395,767.8425
010_1.jpg,975.4182,771.5553
010_1.jpg,896.46936,775.3469
010_1.jpg,817.6051,779.1896
010_1.jpg,1850.2361,668.1033
010_1.jpg,1770.1823,671.56335
010_1.jpg,1689.953,675.084
010_1.jpg,1609.8179,678.9128
010_1.jpg,1529.6185,682.4607
010_1.jpg,1449.4138,686.2312
010_1.jpg,1369.2708,690.2979
010_1.jpg,1289.0874,693.90594
010_1.jpg,1208.938,697.63245
010_1.jpg,1128.854,701.4174
010_1.jpg,1048.8491,705.271
010_1.jpg,968.9272,709.06177
010_1.jpg,889.1015,712.9048
010_1.jpg,809.37286,716.9535
010_1.jpg,1853.4618,603.31555
010_1.jpg,1772.476,607.00665
010_1.jpg,1691.4696,610.6616
010_1.jpg,1610.3842,614.6459
010_1.jpg,1529.2797,618.1682
010_1.jpg,1448.2102,622.13916
010_1.jpg,1367.1261,625.88776
010_1.jpg,1286.066,629.74854
010_1.jpg,1205.0836,633.5617
010_1.jpg,1124.0468,637.33636
010_1.jpg,1043.146,641.2972
010_1.jpg,962.32043,645.15643
010_1.jpg,881.5997,649.0909
010_1.jpg,800.9925,652.96204
010_1.jpg,1856.8632,537.1934
010_1.jpg,1775.1084,541.1899
010_1.jpg,1692.9672,544.7705
010_1.jpg,1610.9741,548.6358
010_1.jpg,1528.9696,552.24963
010_1.jpg,1446.9767,556.31696
010_1.jpg,1364.9337,560.0595
010_1.jpg,1282.9484,564.1078
010_1.jpg,1200.9897,568.02765
010_1.jpg,1119.1184,571.8988
010_1.jpg,1037.2977,575.84625
010_1.jpg,955.6036,579.9847
010_1.jpg,873.9287,583.78204
010_1.jpg,792.43115,587.7408
010_1.jpg,1860.1842,469.7562
010_1.jpg,1777.3352,473.34515
010_1.jpg,1694.4705,477.36353
010_1.jpg,1611.5542,481.22162
010_1.jpg,1528.6155,484.96036
010_1.jpg,1445.6459,488.82172
010_1.jpg,1362.7125,492.7334
010_1.jpg,1279.748,496.771
010_1.jpg,1196.9357,500.78165
010_1.jpg,1114.1144,504.71497
010_1.jpg,1031.335,508.9744
010_1.jpg,948.72675,512.944
010_1.jpg,866.1229,516.99207
010_1.jpg,783.6848,520.9272
011_1.jpg,1862.5997,1043.1418
011_1.jpg,1781.5638,1044.6877
011_1.jpg,1700.6316,1046.2638
011_1.jpg,1619.7764,1047.6376
011_1.jpg,1539.052,1049.1993
011_1.jpg,1458.4254,1051.0687
011_1.jpg,1377.8805,1052.4753
011_1.jpg,1297.5562,1054.3865
011_1.jpg,1217.3148,1055.7648
011_1.jpg,1137.2852,1057.9418
011_1.jpg,1057.4252,1059.256
011_1.jpg,977.8776,1061.1207
011_1.jpg,898.414,1063.0215
011_1.jpg,819.2182,1064.7338
011_1.jpg,1859.3079,968.7946
011_1.jpg,1778.7347,970.29034
011_1.jpg,1698.2612,971.90234
011_1.jpg,1617.8588,973.3887
011_1.jpg,1537.6084,974.9711
011_1.jpg,1457.457,976.846
011_1.jpg,1377.3932,978.49994
011_1.jpg,1297.5253,980.3484
011_1.jpg,1217.8066,981.9524
011_1.jpg,1138.2255,983.85913
011_1.jpg,1058.879,985.6209
011_1.jpg,979.7309,987.3883
011_1.jpg,900.76135,989.31793
011_1.jpg,822.0436,991.1441
011_1.jpg,1855.8566,895.3535
011_1.jpg,1775.8088,896.8294
011_1.jpg,1695.783,898.4054
011_1.jpg,1615.8955,900.11206
011_1.jpg,1536.081,901.7273
011_1.jpg,1456.4268,903.5619
011_1.jpg,1376.8679,905.3979
011_1.jpg,1297.4546,907.1732
011_1.jpg,1218.2449,908.94116
011_1.jpg,1139.1559,910.79895
011_1.jpg,1060.2642,912.6662
011_1.jpg,981.58704,914.6308
011_1.jpg,903.137,916.5179
011_1.jpg,824.8796,918.492
011_1.jpg,1852.4808,822.5829
011_1.jpg,1772.8395,824.23956
011_1.jpg,1693.3334,825.92664
011_1.jpg,1613.9075,827.6794
011_1.jpg,1534.6177,829.3638
011_1.jpg,1455.4337,831.2456
011_1.jpg,1376.3435,833.1175
011_1.jpg,1297.4302,834.9231
011_1.jpg,1218.6333,836.57
011_1.jpg,1140.0148,838.4914
011_1.jpg,1061.6631,840.6114
011_1.jpg,983.4771,842.68066
011_1.jpg,905.4818,844.5912
011_1.jpg,827.7364,846.59204
011_1.jpg,1848.956,750.69904
011_1.jpg,1769.8335,752.5844
011_1.jpg,1690.7965,754.35706
011_1.jpg,1611.8921,756.208
011_1.jpg,1533.0897,757.95557
011_1.jpg,1454.3787,759.8824
011_1.jpg,1375.8156,761.8675
011_1.jpg,1297.3647,763.651
011_1.jpg,1219.1748,766.02795
011_1.jpg,1141.0706,767.7917
011_1.jpg,1063.1066,769.6484
011_1.jpg,985.40424,771.72406
011_1.jpg,907.8699,773.60516
011_1.jpg,830.58057,775.7533
011_1.jpg,1845.3656,679.95886
011_1.jpg,1766.7747,681.83325
011_1.jpg,1688.2528,683.742
011_1.jpg,1609.8347,685.6389
011_1.jpg,1531.5339,687.4764
011_1.jpg,1453.3333,689.4432
011_1.jpg,1375.2446,691.4703
011_1.jpg,1297.323,693.3995
011_1.jpg,1219.5232,695.45996
011_1.jpg,1141.9318,697.4595
011_1.jpg,1064.5018,699.4783
011_1.jpg,987.2704,701.56586
011_1.jpg,910.23584,703.5905
011_1.jpg,833.43024,705.67255
011_1.jpg,1841.8173,610.29
011_1.jpg,1763.7227,612.0997
011_1.jpg,1685.671,614.06067
011_1.jpg,1607.7542,616.039
011_1.jpg,1529.9412,617.9461
011_1.jpg,1452.2452,620.00775
011_1.jpg,1374.6543,622.06213
011_1.jpg,1297.2096,624.03033
011_1.jpg,1219.9321,626.11926
011_1.jpg,1142.7949,628.16736
011_1.jpg,1065.8597,630.2618
011_1.jpg,989.11285,632.4036
011_1.jpg,912.55206,634.5028
011_1.jpg,836.16064,636.6894
011_1.jpg,1838.22,541.34784
011_1.jpg,1760.6267,543.23944
011_1.jpg,1683.1394,545.1212
011_1.jpg,1605.7076,547.1986
011_1.jpg,1528.3762,549.1733
011_1.jpg,1451.1724,551.25525
011_1.jpg,1374.089,553.4301
011_1.jpg,1297.1355,555.35645
011_1.jpg,1220.346,557.5777
011_1.jpg,1143.7155,559.71344
011_1.jpg,1067.2493,561.83966
011_1.jpg,990.9775,563.9793
011_1.jpg,914.90454,566.22797
011_1.jpg,839.0513,568.55457
011_1.jpg,1834.7667,473.0536
011_1.jpg,1757.7151,475.17392
011_1.jpg,1680.5991,477.04712
011_1.jpg,1603.6412,479.18594
011_1.jpg,1526.8175,481.26318
011_1.jpg,1450.0947,483.31256
011_1.jpg,1373.5022,485.60855
011_1.jpg,1297.0518,487.5578
011_1.jpg,1220.7472,489.77975
011_1.jpg,1144.5774,491.93866
011_1.jpg,1068.6182,494.18024
011_1.jpg,992.8287,496.45535
011_1.jpg,917.22986,498.78473
011_1.jpg,841.84033,501.24408
011_1.jpg,1831.1826,405.73212
011_1.jpg,1754.5518,408.0443
011_1.jpg,1678.0366,409.86533
011_1.jpg,1601.6156,412.12958
011_1.jpg,1525.2664,414.20847
011_1.jpg,1449.033,416.39856
011_1.jpg,1372.9524,418.6689
011_1.jpg,1296.9688,420.74905
011_1.jpg,1221.1598,422.95343
011_1.jpg,1145.5023,425.25922
011_1.jpg,1069.9456,427.32434
011_1.jpg,994.7254,429.67993
011_1.jpg,919.52673,432.15118
011_1.jpg,844.66394,434.58768
012_1.jpg,1880.0459,980.5573
012_1.jpg,1797.6547,984.01324
012_1.jpg,1715.4291,987.56256
012_1.jpg,1633.2745,990.78546
012_1.jpg,1551.2317,994.12476
012_1.jpg,1469.2731,997.9958
012_1.jpg,1387.4149,1001.0477
012_1.jpg,1305.7998,1004.869
012_1.jpg,1224.2119,1007.8434
012_1.jpg,1142.8452,1012.088
012_1.jpg,1061.641,1014.88696
012_1.jpg,980.7494,1018.74274
012_1.jpg,899.96747,1022.37427
012_1.jpg,819.40173,1025.8022
012_1.jpg,1873.6992,918.4174
012_1.jpg,1792.2107,921.7679
012_1.jpg,1710.836,925.3521
012_1.jpg,1629.5234,928.60284
012_1.jpg,1548.3544,931.9274
012_1.jpg,1467.2877,935.69727
012_1.jpg,1386.3037,939.08636
012_1.jpg,1305.5121,942.75525
012_1.jpg,1224.834,945.93915
012_1.jpg,1144.3151,949.70355
012_1.jpg,1064.0269,953.17944
012_1.jpg,983.9063,956.6884
012_1.jpg,903.99524,960.3574
012_1.jpg,824.30457,963.8574
012_1.jpg,1867.3591,857.7338
012_1.jpg,1786.7646,860.91943
012_1.jpg,1706.2356,864.3784
012_1.jpg,1625.8063,867.8514
012_1.jpg,1545.468,871.2232
012_1.jpg,1465.2677,874.8408
012_1.jpg,1385.1729,878.4271
012_1.jpg,1305.2294,881.9113
012_1.jpg,1225.4175,885.2665
012_1.jpg,1145.7504,888.8908
012_1.jpg,1066.3016,892.4762
012_1.jpg,987.042,896.12555
012_1.jpg,907.982,899.7214
012_1.jpg,829.12775,903.3573
012_1.jpg,1861.1504,797.9267
012_1.jpg,1781.3729,801.39655
012_1.jpg,1701.7078,804.8605
012_1.jpg,1622.1298,808.38434
012_1.jpg,1542.6543,811.78564
012_1.jpg,1463.3192,815.38885
012_1.jpg,1384.0474,818.9552
012_1.jpg,1304.9343,822.42004
012_1.jpg,1225.9347,825.50824
012_1.jpg,1147.0903,829.0876
012_1.jpg,1068.5455,833.0289
012_1.jpg,990.1312,836.795
012_1.jpg,911.89404,840.3477
012_1.jpg,833.9032,843.94836
012_1.jpg,1854.9539,739.4586
012_1.jpg,1776.0176,743.13367
012_1.jpg,1697.199,746.65424
012_1.jpg,1618.479,750.2127
012_1.jpg,1539.849,753.64746
012_1.jpg,1461.3367,757.25385
012_1.jpg,1382.9431,760.9131
012_1.jpg,1304.6365,764.2583
012_1.jpg,1226.618,768.50275
012_1.jpg,1148.6318,771.7397
012_1.jpg,1070.7906,775.11945
012_1.jpg,993.225,778.8478
012_1.jpg,915.79095,782.27167
012_1.jpg,838.5883,786.0438
012_1.jpg,1848.734,682.46674
012_1.jpg,1770.7063,686.11145
012_1.jpg,1692.7432,689.7469
012_1.jpg,1614.8484,693.28705
012_1.jpg,1537.0756,696.76166
012_1.jpg,1459.3809,700.3199
012_1.jpg,1381.8016,703.9567
012_1.jpg,1304.3798,707.48047
012_1.jpg,1227.0715,711.1339
012_1.jpg,1149.9587,714.7514
012_1.jpg,1072.9807,718.3231
012_1.jpg,996.18823,721.9794
012_1.jpg,919.5775,725.5073
012_1.jpg,843.21454,729.14453
012_1.jpg,1842.7133,626.8705
012_1.jpg,1765.5354,630.45087
012_1.jpg,1688.3154,634.06744
012_1.jpg,1611.2546,637.63226
012_1.jpg,1534.2963,641.1561
012_1.jpg,1457.4268,644.8073
012_1.jpg,1380.6897,648.4192
012_1.jpg,1304.053,651.9052
012_1.jpg,1227.5973,655.5766
012_1.jpg,1151.2385,659.14954
012_1.jpg,1075.0815,662.8029
012_1.jpg,999.1019,666.4293
012_1.jpg,923.2968,670.03394
012_1.jpg,847.6658,673.65857
012_1.jpg,1836.741,572.43054
012_1.jpg,1760.3192,575.98206
012_1.jpg,1683.9943,579.4153
012_1.jpg,1607.7406,583.04333
012_1.jpg,1531.5753,586.60223
012_1.jpg,1455.5323,590.2102
012_1.jpg,1379.5892,593.95465
012_1.jpg,1303.7649,597.2835
012_1.jpg,1228.0874,601.07294
012_1.jpg,1152.5961,604.7577
012_1.jpg,1077.1982,608.3423
012_1.jpg,1001.9838,611.90955
012_1.jpg,926.9761,615.664
012_1.jpg,852.1817,619.427
012_1.jpg,1830.9062,518.7729
012_1.jpg,1755.4719,522.60803
012_1.jpg,1679.75,525.8659
012_1.jpg,1604.266,529.5135
012_1.jpg,1528.9116,533.1816
012_1.jpg,1453.6448,536.6649
012_1.jpg,1378.5138,540.5797
012_1.jpg,1303.4927,543.8761
012_1.jpg,1228.5981,547.5967
012_1.jpg,1153.8345,551.20483
012_1.jpg,1079.2523,554.9111
012_1.jpg,1004.8313,558.57056
012_1.jpg,930.61224,562.344
012_1.jpg,856.56116,566.2779
012_1.jpg,1825.0695,466.3289
012_1.jpg,1750.2816,470.19354
012_1.jpg,1675.5327,473.44193
012_1.jpg,1600.8813,477.19843
012_1.jpg,1526.3026,480.77866
012_1.jpg,1451.8246,484.4514
012_1.jpg,1377.4788,488.2308
012_1.jpg,1303.1962,491.73666
012_1.jpg,1229.0923,495.3431
012_1.jpg,1155.13,499.11163
012_1.jpg,1081.2644,502.45444
012_1.jpg,1007.6949,506.22394
012_1.jpg,934.12805,510.11185
012_1.jpg,860.89777,513.96747
013_1.jpg,1462.335,1132.2893
013_1.jpg,1385.7301,1128.6956
013_1.jpg,1308.9171,1125.1344
013_1.jpg,1231.8804,1121.4536
013_1.jpg,1154.5984,1117.9573
013_1.jpg,1077.0184,1114.6104
013_1.jpg,999.2791,1111.011
013_1.jpg,921.3136,1107.7472
013_1.jpg,843.1693,1104.0923
013_1.jpg,764.766,1100.9738
013_1.jpg,686.3265,1097.2954
013_1.jpg,607.72546,1093.8802
013_1.jpg,528.8859,1090.702
013_1.jpg,449.9782,1087.2218
013_1.jpg,1463.9137,1057.0773
013_1.jpg,1387.5543,1053.3497
013_1.jpg,1310.9468,1049.6831
013_1.jpg,1234.1061,1046.0035
013_1.jpg,1157.0475,1042.3254
013_1.jpg,1079.7128,1038.8716
013_1.jpg,1002.15607,1035.2853
013_1.jpg,924.43365,1031.8021
013_1.jpg,846.57666,1028.2227
013_1.jpg,768.4227,1024.7559
013_1.jpg,690.2118,1021.24524
013_1.jpg,611.8285,1017.6632
013_1.jpg,533.27136,1014.28796
013_1.jpg,454.62003,1010.8075
013_1.jpg,1465.3068,982.3549
013_1.jpg,1389.2341,978.47754
013_1.jpg,1312.8408,974.6821
013_1.jpg,1236.2313,970.97205
013_1.jpg,1159.39,967.208
013_1.jpg,1082.3226,963.60486
013_1.jpg,1005.02185,959.989
013_1.jpg,927.5561,956.31525
013_1.jpg,849.9168,952.71063
013_1.jpg,772.0178,949.10394
013_1.jpg,694.0731,945.5119
013_1.jpg,615.94385,941.9725
013_1.jpg,537.71344,938.43164
013_1.jpg,459.27945,934.88226
013_1.jpg,1466.7513,907.9278
013_1.jpg,1390.8442,904.0732
013_1.jpg,1314.7375,900.2085
013_1.jpg,1238.3373,896.41473
013_1.jpg,1161.7706,892.5335
013_1.jpg,1084.9515,888.8344
013_1.jpg,1007.90454,885.11786
013_1.jpg,930.682,881.3551
013_1.jpg,853.29987,877.5546
013_1.jpg,775.7098,873.84705
013_1.jpg,697.9881,870.32245
013_1.jpg,620.1019,866.7313
013_1.jpg,542.0837,863.02905
013_1.jpg,464.0001,859.4251
013_1.jpg,1468.0791,834.05444
013_1.jpg,1392.408,830.1645
013_1.jpg,1316.5258,826.25037
013_1.jpg,1240.3982,822.39825
013_1.jpg,1164.0767,818.4252
013_1.jpg,1087.5048,814.6551
013_1.jpg,1010.7307,810.8719
013_1.jpg,933.7812,806.97943
013_1.jpg,856.6347,803.45074
013_1.jpg,779.37317,799.5429
013_1.jpg,701.88666,795.7098
013_1.jpg,624.3159,792.02234
013_1.jpg,546.5639,788.17633
013_1.jpg,468.67603,784.4961
013_1.jpg,1469.2366,760.7479
013_1.jpg,1393.8793,756.7765
013_1.jpg,1318.2753,752.8163
013_1.jpg,1242.4036,748.8877
013_1.jpg,1166.3485,744.89154
013_1.jpg,1090.0582,741.00323
013_1.jpg,1013.53796,737.1313
013_1.jpg,936.8811,733.21765
013_1.jpg,860.017,729.35474
013_1.jpg,782.98737,725.4779
013_1.jpg,705.7965,721.65063
013_1.jpg,628.476,717.8228
013_1.jpg,551.0143,713.92944
013_1.jpg,473.44586,710.14233
013_1.jpg,1470.3684,688.0347
013_1.jpg,1395.311,683.9917
013_1.jpg,1319.9368,679.9313
013_1.jpg,1244.3556,675.9438
013_1.jpg,1168.5615,671.87573
013_1.jpg,1092.5371,667.93475
013_1.jpg,1016.30444,663.98114
013_1.jpg,939.9176,659.9459
013_1.jpg,863.3199,655.99786
013_1.jpg,786.5709,652.03
013_1.jpg,709.6614,648.158
013_1.jpg,632.6393,644.2209
013_1.jpg,555.43945,640.2607
013_1.jpg,478.10367,636.3496
013_1.jpg,1471.5007,615.7504
013_1.jpg,1396.6826,611.6242
013_1.jpg,1321.6237,607.4455
013_1.jpg,1246.3156,603.3988
013_1.jpg,1170.7863,599.25183
013_1.jpg,1095.0566,595.2192
013_1.jpg,1019.0985,591.2244
013_1.jpg,942.97345,587.0509
013_1.jpg,866.6846,583.09076
013_1.jpg,790.21246,579.0559
013_1.jpg,713.5801,575.085
013_1.jpg,636.80414,571.03064
013_1.jpg,559.8872,567.08136
013_1.jpg,482.88904,563.1775
013_1.jpg,1472.6666,543.91754
013_1.jpg,1398.1621,539.83105
013_1.jpg,1323.3021,535.4437
013_1.jpg,1248.2495,531.31726
013_1.jpg,1172.9824,527.11383
013_1.jpg,1097.5428,522.9467
013_1.jpg,1021.8496,518.90405
013_1.jpg,946.03217,514.641
013_1.jpg,870.0255,510.59128
013_1.jpg,793.8123,506.42523
013_1.jpg,717.481,502.3904
013_1.jpg,640.9927,498.4263
013_1.jpg,564.3723,494.3684
013_1.jpg,487.59338,490.40375
013_1.jpg,1473.7031,472.6109
013_1.jpg,1399.3846,468.4683
013_1.jpg,1324.9316,464.0121
013_1.jpg,1250.1666,459.80862
013_1.jpg,1175.2067,455.51926
013_1.jpg,1100.0187,451.32248
013_1.jpg,1024.6448,447.16278
013_1.jpg,949.06647,442.8796
013_1.jpg,873.34186,438.69003
013_1.jpg,797.46326,434.58154
013_1.jpg,721.34845,430.24728
013_1.jpg,645.24005,426.16577
013_1.jpg,568.8004,422.1284
013_1.jpg,492.38342,418.0858
014_1.jpg,2068.3733,1121.1725
014_1.jpg,1987.7457,1126.6366
014_1.jpg,1907.7264,1132.0737
014_1.jpg,1828.2166,1137.4534
014_1.jpg,1749.3192,1143.0005
014_1.jpg,1670.9719,1148.5219
014_1.jpg,1593.1089,1153.8835
014_1.jpg,1515.9756,1159.4688
014_1.jpg,1439.2501,1164.776
014_1.jpg,1363.366,1170.3286
014_1.jpg,1287.7842,1175.5898
014_1.jpg,1213.1632,1180.8339
014_1.jpg,1138.9586,1186.2915
014_1.jpg,1065.3936,1191.5972
014_1.jpg,2063.1943,1041.5037
014_1.jpg,1982.6512,1047.2633
014_1.jpg,1902.7225,1053.0048
014_1.jpg,1823.2755,1058.7299
014_1.jpg,1744.4344,1064.4736
014_1.jpg,1666.2318,1070.3599
014_1.jpg,1588.4882,1076.0972
014_1.jpg,1511.4257,1081.9196
014_1.jpg,1434.8826,1087.6414
014_1.jpg,1358.9735,1093.3363
014_1.jpg,1283.6781,1098.9977
014_1.jpg,1209.0204,1104.5464
014_1.jpg,1134.9504,1110.2249
014_1.jpg,1061.4568,1115.8243
014_1.jpg,2057.862,961.99634
014_1.jpg,1977.3983,968.0494
014_1.jpg,1897.5269,974.1093
014_1.jpg,1818.2607,980.204
014_1.jpg,1739.5239,986.27167
014_1.jpg,1661.404,992.36487
014_1.jpg,1583.8419,998.5136
014_1.jpg,1506.8632,1004.5024
014_1.jpg,1430.4597,1010.536
014_1.jpg,1354.6024,1016.5315
014_1.jpg,1279.4692,1022.4828
014_1.jpg,1204.9202,1028.4603
014_1.jpg,1130.979,1034.3479
014_1.jpg,1057.6382,1040.2483
014_1.jpg,2052.422,882.6473
014_1.jpg,1972.0896,889.0993
014_1.jpg,1892.4059,895.4927
014_1.jpg,1813.2151,901.868
014_1.jpg,1734.6155,908.1741
014_1.jpg,1656.6499,914.65845
014_1.jpg,1579.1615,921.02386
014_1.jpg,1502.2942,927.3168
014_1.jpg,1425.904,933.6194
014_1.jpg,1350.2131,939.88806
014_1.jpg,1275.2766,946.1749
014_1.jpg,1200.8503,952.45575
014_1.jpg,1127.008,958.6302
014_1.jpg,1053.8112,964.81854
014_1.jpg,2046.8322,803.56494
014_1.jpg,1966.7078,810.36304
014_1.jpg,1887.1189,817.0994
014_1.jpg,1808.1243,823.86914
014_1.jpg,1729.6761,830.4188
014_1.jpg,1651.7744,837.21173
014_1.jpg,1574.5022,843.8774
014_1.jpg,1497.7283,850.4529
014_1.jpg,1421.8237,857.18585
014_1.jpg,1346.2023,863.69037
014_1.jpg,1271.1853,870.1897
014_1.jpg,1196.9,876.74347
014_1.jpg,1123.1243,883.16174
014_1.jpg,1050.0774,889.64075
014_1.jpg,2041.191,724.8202
014_1.jpg,1961.214,731.92163
014_1.jpg,1881.8302,738.95874
014_1.jpg,1802.9629,746.05457
014_1.jpg,1724.6685,752.9694
014_1.jpg,1646.9021,760.0324
014_1.jpg,1569.7493,767.0272
014_1.jpg,1493.2023,773.91895
014_1.jpg,1417.2192,780.819
014_1.jpg,1341.8228,787.66125
014_1.jpg,1267.0392,794.44086
014_1.jpg,1192.8512,801.29004
014_1.jpg,1119.2556,807.9974
014_1.jpg,1046.296,814.7457
014_1.jpg,2035.5496,646.3934
014_1.jpg,1955.7491,653.8287
014_1.jpg,1876.4669,661.16626
014_1.jpg,1797.7527,668.5872
014_1.jpg,1719.6277,675.79083
014_1.jpg,1642.0707,683.1971
014_1.jpg,1565.0493,690.4758
014_1.jpg,1488.6155,697.6043
014_1.jpg,1412.7997,704.7933
014_1.jpg,1337.5365,711.9012
014_1.jpg,1262.8937,719.00726
014_1.jpg,1188.8615,726.10876
014_1.jpg,1115.411,733.11646
014_1.jpg,1042.5358,740.13184
014_1.jpg,2029.8436,568.2093
014_1.jpg,1950.1844,575.91235
014_1.jpg,1871.0958,583.554
014_1.jpg,1792.5671,591.2923
014_1.jpg,1714.559,598.80365
014_1.jpg,1637.1682,606.4245
014_1.jpg,1560.3401,614.0221
014_1.jpg,1484.0352,621.43945
014_1.jpg,1408.398,628.9465
014_1.jpg,1333.3187,636.3494
014_1.jpg,1258.784,643.73645
014_1.jpg,1184.8738,651.08984
014_1.jpg,1111.5951,658.4522
014_1.jpg,1038.9288,665.7869
014_1.jpg,2024.2142,490.2069
014_1.jpg,1944.7803,498.36823
014_1.jpg,1865.7034,506.2075
014_1.jpg,1787.3368,514.2087
014_1.jpg,1709.5227,522.013
014_1.jpg,1632.2468,529.9418
014_1.jpg,1555.6063,537.8032
014_1.jpg,1479.4506,545.5004
014_1.jpg,1403.9532,553.28284
014_1.jpg,1328.9814,560.9541
014_1.jpg,1254.6617,568.65393
014_1.jpg,1180.9136,576.3655
014_1.jpg,1107.7867,583.97845
014_1.jpg,1035.3162,591.6236
014_1.jpg,2018.3801,412.60263
014_1.jpg,1939.1296,420.9914
014_1.jpg,1860.298,429.1782
014_1.jpg,1782.0854,437.41312
014_1.jpg,1704.4457,445.57428
014_1.jpg,1627.369,453.7177
014_1.jpg,1550.8792,461.86618
014_1.jpg,1474.8795,469.89014
014_1.jpg,1399.5519,477.9252
014_1.jpg,1324.7983,485.94217
014_1.jpg,1250.5029,493.81796
014_1.jpg,1177.0168,501.8106
014_1.jpg,1103.9915,509.7717
014_1.jpg,1031.6953,517.63763
015_1.jpg,1788.771,771.8223
015_1.jpg,1712.0677,773.7152
015_1.jpg,1635.4122,775.60803
015_1.jpg,1558.8087,777.6645
015_1.jpg,1482.1887,779.8544
015_1.jpg,1405.5278,781.96936
015_1.jpg,1328.9633,784.2216
015_1.jpg,1252.5095,786.566
015_1.jpg,1176.0405,788.89886
015_1.jpg,1099.6853,791.14044
015_1.jpg,1023.434,793.6547
015_1.jpg,947.354,795.78613
015_1.jpg,871.3893,798.39233
015_1.jpg,795.4901,800.8442
015_1.jpg,1788.7937,697.0818
015_1.jpg,1711.7489,699.05774
015_1.jpg,1634.715,700.9629
015_1.jpg,1557.6888,703.11914
015_1.jpg,1480.7092,705.25024
015_1.jpg,1403.763,707.56573
015_1.jpg,1326.8057,709.83655
015_1.jpg,1249.9453,712.1363
015_1.jpg,1173.216,714.6145
015_1.jpg,1096.4609,716.9318
015_1.jpg,1019.9268,719.37494
015_1.jpg,943.45483,721.7009
015_1.jpg,867.111,724.3077
015_1.jpg,790.912,726.7932
015_1.jpg,1788.6592,621.60565
015_1.jpg,1711.2719,623.7039
015_1.jpg,1633.8976,625.76715
015_1.jpg,1556.5149,627.8772
015_1.jpg,1479.1547,630.0867
015_1.jpg,1401.8627,632.39124
015_1.jpg,1324.5768,634.71387
015_1.jpg,1247.3888,637.0367
015_1.jpg,1170.2826,639.50165
015_1.jpg,1093.1754,641.92737
015_1.jpg,1016.31006,644.4381
015_1.jpg,939.52124,646.90155
015_1.jpg,862.8743,649.44727
015_1.jpg,786.28644,652.0601
015_1.jpg,1788.5577,545.5963
015_1.jpg,1710.7662,547.67065
015_1.jpg,1633.028,549.79596
015_1.jpg,1555.2693,551.9796
015_1.jpg,1477.6057,554.1353
015_1.jpg,1399.9858,556.5554
015_1.jpg,1322.3337,558.9163
015_1.jpg,1244.801,561.29065
015_1.jpg,1167.3102,563.962
015_1.jpg,1089.9581,566.45404
015_1.jpg,1012.7224,568.84
015_1.jpg,935.5965,571.36835
015_1.jpg,858.5934,573.9635
015_1.jpg,781.7308,576.5645
015_1.jpg,1788.2671,468.90912
015_1.jpg,1710.1743,471.06836
015_1.jpg,1632.07,473.16522
015_1.jpg,1554.0002,475.47244
015_1.jpg,1475.9855,477.65396
015_1.jpg,1397.9818,480.1533
015_1.jpg,1320.0607,482.55328
015_1.jpg,1242.1766,485.0232
015_1.jpg,1164.4672,487.30835
015_1.jpg,1086.7722,489.99973
015_1.jpg,1009.1341,492.62033
015_1.jpg,931.70776,495.19086
015_1.jpg,854.3711,497.8551
015_1.jpg,777.1797,500.4348
015_1.jpg,1787.854,391.58728
015_1.jpg,1709.4801,393.8171
015_1.jpg,1631.0457,395.95996
015_1.jpg,1552.6526,398.35324
015_1.jpg,1474.3079,400.63086
015_1.jpg,1395.952,403.17532
015_1.jpg,1317.7126,405.6861
015_1.jpg,1239.5763,408.13498
015_1.jpg,1161.4497,410.6978
015_1.jpg,1083.4382,413.18954
015_1.jpg,1005.52277,415.76004
015_1.jpg,927.7547,418.50607
015_1.jpg,850.0875,421.1143
015_1.jpg,772.6117,423.86725
015_1.jpg,1787.4492,313.61383
015_1.jpg,1708.7577,315.90695
015_1.jpg,1629.9484,318.15176
015_1.jpg,1551.2406,320.62445
015_1.jpg,1472.5612,322.92282
015_1.jpg,1393.9429,325.56778
015_1.jpg,1315.3439,328.02457
015_1.jpg,1236.858,330.57104
015_1.jpg,1158.4246,333.15836
015_1.jpg,1080.0825,335.792
015_1.jpg,1001.8639,338.37698
015_1.jpg,923.7751,341.155
015_1.jpg,845.8049,343.82318
015_1.jpg,767.96375,346.61264
015_1.jpg,1787.0085,234.96646
015_1.jpg,1707.9186,237.25984
015_1.jpg,1628.868,239.62692
015_1.jpg,1549.8212,242.10103
015_1.jpg,1470.7997,244.4916
015_1.jpg,1391.8551,247.10153
015_1.jpg,1312.9492,249.69308
015_1.jpg,1234.1201,252.25241
015_1.jpg,1155.4036,254.93306
015_1.jpg,1076.7479,257.52628
015_1.jpg,998.1998,260.29523
015_1.jpg,919.7883,263.03183
015_1.jpg,841.4978,265.8754
015_1.jpg,763.3679,268.69562
015_1.jpg,1786.5927,155.58496
015_1.jpg,1707.261,158.15251
015_1.jpg,1627.7465,160.40227
015_1.jpg,1548.3535,162.9602
015_1.jpg,1469.0326,165.35323
015_1.jpg,1389.7513,168.05067
015_1.jpg,1310.5236,170.62318
015_1.jpg,1231.3904,173.29321
015_1.jpg,1152.3213,176.0207
015_1.jpg,1073.3397,178.6991
015_1.jpg,994.49927,181.52936
015_1.jpg,915.77747,184.38931
015_1.jpg,837.1697,187.20699
015_1.jpg,758.7408,190.11038
015_1.jpg,1785.9889,75.67183
015_1.jpg,1706.2441,78.08113
015_1.jpg,1626.5813,80.62602
015_1.jpg,1546.8846,83.14986
015_1.jpg,1467.247,85.69886
015_1.jpg,1387.6151,88.290146
015_1.jpg,1308.0984,90.95964
015_1.jpg,1228.6115,93.633514
015_1.jpg,1149.2373,96.389435
015_1.jpg,1069.9595,99.19966
015_1.jpg,990.7606,102.03925
015_1.jpg,911.7848,104.96959
015_1.jpg,832.7988,107.91547
015_1.jpg,754.0995,110.83707
016_1.jpg,1896.1044,1407.8428
016_1.jpg,1815.6704,1413.8553
016_1.jpg,1735.1384,1419.824
016_1.jpg,1654.6365,1425.6016
016_1.jpg,1574.1433,1431.5426
016_1.jpg,1493.6,1437.8043
016_1.jpg,1413.0853,1443.5183
016_1.jpg,1332.6204,1449.7511
016_1.jpg,1252.1672,1455.4381
016_1.jpg,1171.7809,1461.8531
016_1.jpg,1091.4431,1467.4456
016_1.jpg,1011.2899,1473.4836
016_1.jpg,931.13544,1479.5979
016_1.jpg,851.12103,1485.5251
016_1.jpg,1887.1343,1332.99
016_1.jpg,1807.1547,1338.8475
016_1.jpg,1727.1714,1344.8304
016_1.jpg,1647.1602,1350.6404
016_1.jpg,1567.1837,1356.512
016_1.jpg,1487.206,1362.674
016_1.jpg,1407.1713,1368.5968
016_1.jpg,1327.2499,1374.6644
016_1.jpg,1247.3475,1380.497
016_1.jpg,1167.4233,1386.6355
016_1.jpg,1087.6993,1392.5126
016_1.jpg,1008.0003,1398.4164
016_1.jpg,928.40607,1404.4482
016_1.jpg,848.9246,1410.3633
016_1.jpg,1878.0647,1259.1663
016_1.jpg,1798.6461,1264.9062
016_1.jpg,1719.1827,1270.8163
016_1.jpg,1639.6992,1276.7297
016_1.jpg,1560.2266,1282.5695
016_1.jpg,1480.7689,1288.5992
016_1.jpg,1401.3087,1294.616
016_1.jpg,1321.884,1300.526
016_1.jpg,1242.5266,1306.4387
016_1.jpg,1163.1359,1312.4255
016_1.jpg,1083.9305,1318.3748
016_1.jpg,1004.78845,1324.3828
016_1.jpg,925.7301,1330.304
016_1.jpg,846.7839,1336.2794
016_1.jpg,1869.127,1186.0797
016_1.jpg,1790.1865,1191.9576
016_1.jpg,1711.2684,1197.8185
016_1.jpg,1632.3113,1203.7485
016_1.jpg,1553.3701,1209.5658
016_1.jpg,1474.4366,1215.5741
016_1.jpg,1395.5084,1221.5317
016_1.jpg,1316.611,1227.4214
016_1.jpg,1237.7559,1233.133
016_1.jpg,1158.932,1239.0652
016_1.jpg,1080.2542,1245.1868
016_1.jpg,1001.658,1251.2175
016_1.jpg,923.1045,1257.1252
016_1.jpg,844.733,1263.0364
016_1.jpg,1860.1694,1114.0192
016_1.jpg,1781.7675,1119.9609
016_1.jpg,1703.353,1125.8514
016_1.jpg,1624.9653,1131.78
016_1.jpg,1546.5623,1137.5826
016_1.jpg,1468.1378,1143.5668
016_1.jpg,1389.7653,1149.5449
016_1.jpg,1311.3944,1155.3411
016_1.jpg,1233.1569,1161.6642
016_1.jpg,1154.893,1167.376
016_1.jpg,1076.6753,1173.1527
016_1.jpg,998.61334,1179.1354
016_1.jpg,920.58887,1184.9302
016_1.jpg,842.70337,1190.9176
016_1.jpg,1851.1722,1043.0721
016_1.jpg,1773.3625,1048.9575
016_1.jpg,1695.5278,1054.8483
016_1.jpg,1617.6506,1060.7825
016_1.jpg,1539.7931,1066.6075
016_1.jpg,1461.9327,1072.5393
016_1.jpg,1384.0505,1078.5083
016_1.jpg,1306.2728,1084.352
016_1.jpg,1228.4917,1090.2874
016_1.jpg,1150.7781,1096.1904
016_1.jpg,1073.1335,1102.056
016_1.jpg,995.58185,1107.979
016_1.jpg,918.11255,1113.804
016_1.jpg,840.77234,1119.6681
016_1.jpg,1842.3203,973.0618
016_1.jpg,1765.0522,979.0018
016_1.jpg,1687.7032,984.89044
016_1.jpg,1610.3872,990.82587
016_1.jpg,1533.0472,996.6607
016_1.jpg,1455.7263,1002.6129
016_1.jpg,1378.4028,1008.5162
016_1.jpg,1301.1299,1014.329
016_1.jpg,1223.9076,1020.24133
016_1.jpg,1146.7157,1026.0818
016_1.jpg,1069.6053,1031.9609
016_1.jpg,992.60004,1037.8602
016_1.jpg,915.6591,1043.6951
016_1.jpg,838.828,1049.5225
016_1.jpg,1833.5405,904.0949
016_1.jpg,1756.7786,909.99866
016_1.jpg,1680.0022,915.7752
016_1.jpg,1603.2162,921.70667
016_1.jpg,1526.4042,927.5284
016_1.jpg,1449.6127,933.4259
016_1.jpg,1372.8352,939.3718
016_1.jpg,1296.0824,945.0742
016_1.jpg,1219.4087,951.04297
016_1.jpg,1142.7697,956.90735
016_1.jpg,1066.1703,962.73584
016_1.jpg,989.67786,968.5771
016_1.jpg,913.28656,974.4564
016_1.jpg,837.00525,980.3943
016_1.jpg,1824.8972,835.926
016_1.jpg,1748.7478,841.9141
016_1.jpg,1672.3522,847.5532
016_1.jpg,1596.0914,853.4539
016_1.jpg,1519.8232,859.3108
016_1.jpg,1443.5701,865.104
016_1.jpg,1367.3145,871.1138
016_1.jpg,1291.0992,876.7601
016_1.jpg,1214.9513,882.6525
016_1.jpg,1138.8129,888.456
016_1.jpg,1062.7797,894.3436
016_1.jpg,986.8166,900.2239
016_1.jpg,910.94324,906.12744
016_1.jpg,835.20654,912.11414
016_1.jpg,1816.1757,768.7479
016_1.jpg,1740.4929,774.76263
016_1.jpg,1664.7797,780.2943
016_1.jpg,1589.066,786.19574
016_1.jpg,1513.3156,791.98425
016_1.jpg,1437.5741,797.8594
016_1.jpg,1361.8914,803.7512
016_1.jpg,1286.1919,809.4845
016_1.jpg,1210.5599,815.2871
016_1.jpg,1134.9779,821.1794
016_1.jpg,1059.4042,826.8081
016_1.jpg,984.0376,832.7136
016_1.jpg,908.6444,838.6846
016_1.jpg,833.467,844.64746
017_1.jpg,1774.7261,1559.3286
017_1.jpg,1702.5043,1527.0795
017_1.jpg,1630.3326,1494.7874
017_1.jpg,1558.2554,1462.4963
017_1.jpg,1486.1893,1430.4756
017_1.jpg,1414.1053,1398.4348
017_1.jpg,1342.2067,1366.3662
017_1.jpg,1270.2638,1334.576
017_1.jpg,1198.5581,1302.6068
017_1.jpg,1126.8134,1270.9084
017_1.jpg,1055.3838,1239.0916
017_1.jpg,984.1015,1207.3644
017_1.jpg,912.79156,1175.9043
017_1.jpg,841.7672,1144.4159
017_1.jpg,1805.9078,1487.59
017_1.jpg,1733.8038,1455.3939
017_1.jpg,1661.705,1423.229
017_1.jpg,1589.6698,1391.1423
017_1.jpg,1517.6931,1359.1301
017_1.jpg,1445.7253,1327.2241
017_1.jpg,1373.8461,1295.3468
017_1.jpg,1302.0404,1263.5571
017_1.jpg,1230.4022,1231.7947
017_1.jpg,1158.7802,1200.1144
017_1.jpg,1087.416,1168.5106
017_1.jpg,1016.2015,1136.8804
017_1.jpg,945.0126,1105.4993
017_1.jpg,874.076,1074.1305
017_1.jpg,1836.826,1416.064
017_1.jpg,1764.8519,1383.9941
017_1.jpg,1692.8373,1351.918
017_1.jpg,1620.8759,1319.9508
017_1.jpg,1548.9993,1287.9727
017_1.jpg,1477.1532,1256.2225
017_1.jpg,1405.3395,1224.4615
017_1.jpg,1333.6769,1192.7726
017_1.jpg,1262.1144,1161.1345
017_1.jpg,1190.6481,1129.5265
017_1.jpg,1119.343,1098.038
017_1.jpg,1048.1753,1066.6688
017_1.jpg,977.20044,1035.33
017_1.jpg,906.3246,1004.0648
017_1.jpg,1867.6953,1344.7008
017_1.jpg,1795.7246,1312.7162
017_1.jpg,1723.8627,1280.8151
017_1.jpg,1651.9604,1248.9542
017_1.jpg,1580.1942,1217.0896
017_1.jpg,1508.4435,1185.4463
017_1.jpg,1436.7516,1153.8372
017_1.jpg,1365.2012,1122.199
017_1.jpg,1293.731,1090.6321
017_1.jpg,1222.4004,1059.1548
017_1.jpg,1151.1995,1027.8286
017_1.jpg,1080.1333,996.6089
017_1.jpg,1009.243,965.3603
017_1.jpg,938.5034,934.28107
017_1.jpg,1898.2394,1273.5575
017_1.jpg,1826.3785,1241.7433
017_1.jpg,1754.592,1209.955
017_1.jpg,1682.8434,1178.2905
017_1.jpg,1611.2134,1146.5514
017_1.jpg,1539.5287,1114.9957
017_1.jpg,1467.99,1083.5248
017_1.jpg,1396.5524,1051.9812
017_1.jpg,1325.1938,1020.7397
017_1.jpg,1254.0175,989.33997
017_1.jpg,1182.9398,957.9979
017_1.jpg,1111.9899,926.8945
017_1.jpg,1041.2218,895.7307
017_1.jpg,970.576,864.78046
017_1.jpg,1928.5436,1202.705
017_1.jpg,1856.8259,1171.0302
017_1.jpg,1785.1946,1139.3937
017_1.jpg,1713.5448,1107.8479
017_1.jpg,1642.0056,1076.2673
017_1.jpg,1570.469,1044.849
017_1.jpg,1499.0348,1013.5166
017_1.jpg,1427.7468,982.14
017_1.jpg,1356.5298,950.8607
017_1.jpg,1285.4526,919.6198
017_1.jpg,1214.4757,888.46783
017_1.jpg,1143.676,857.4621
017_1.jpg,1073.0132,826.4521
017_1.jpg,1002.5266,795.6015
017_1.jpg,1958.6571,1132.1863
017_1.jpg,1887.0898,1100.6797
017_1.jpg,1815.5242,1069.1251
017_1.jpg,1744.017,1037.7573
017_1.jpg,1672.6152,1006.34357
017_1.jpg,1601.2091,975.0317
017_1.jpg,1529.9009,943.8261
017_1.jpg,1458.7598,912.5287
017_1.jpg,1387.6736,881.3902
017_1.jpg,1316.7148,850.26807
017_1.jpg,1245.8824,819.26184
017_1.jpg,1175.194,788.3729
017_1.jpg,1104.6705,757.4968
017_1.jpg,1034.2648,726.7902
017_1.jpg,1988.6127,1061.8597
017_1.jpg,1917.1722,1030.4844
017_1.jpg,1845.7893,999.1112
017_1.jpg,1774.4049,967.8609
017_1.jpg,1703.1206,936.52325
017_1.jpg,1631.8801,905.3732
017_1.jpg,1560.7151,874.2943
017_1.jpg,1489.6926,843.11926
017_1.jpg,1418.7599,812.1479
017_1.jpg,1347.9269,781.16815
017_1.jpg,1277.2097,750.28613
017_1.jpg,1206.6539,719.4943
017_1.jpg,1136.2498,688.80695
017_1.jpg,1066.0071,658.2526
017_1.jpg,2018.5199,991.86884
017_1.jpg,1947.1783,960.72656
017_1.jpg,1875.9111,929.3371
017_1.jpg,1804.6581,898.2402
017_1.jpg,1733.5092,867.0573
017_1.jpg,1662.399,835.9511
017_1.jpg,1591.3677,805.03516
017_1.jpg,1520.5056,773.97797
017_1.jpg,1449.6798,743.12366
017_1.jpg,1378.9888,712.2419
017_1.jpg,1308.4249,681.54926
017_1.jpg,1237.992,650.94543
017_1.jpg,1167.6991,620.3987
017_1.jpg,1097.6045,589.9998
017_1.jpg,2048.043,922.1036
017_1.jpg,1976.8424,891.10126
017_1.jpg,1905.8157,859.92664
017_1.jpg,1834.6903,828.8907
017_1.jpg,1763.7065,797.8562
017_1.jpg,1692.759,766.90393
017_1.jpg,1621.8896,736.0817
017_1.jpg,1551.1285,705.19275
017_1.jpg,1480.4661,674.4467
017_1.jpg,1409.9192,643.7913
017_1.jpg,1339.4939,613.0913
017_1.jpg,1269.2386,582.6725
017_1.jpg,1199.0454,552.26306
017_1.jpg,1129.0862,522.0428
018_1.jpg,1691.0758,1115.9651
018_1.jpg,1619.7804,1141.9242
018_1.jpg,1548.334,1167.9346
018_1.jpg,1476.706,1194.035
018_1.jpg,1404.9642,1220.3767
018_1.jpg,1332.956,1246.799
018_1.jpg,1260.819,1273.2522
018_1.jpg,1188.5514,1299.8794
018_1.jpg,1116.1255,1326.4542
018_1.jpg,1043.5054,1353.1987
018_1.jpg,970.8663,1379.9386
018_1.jpg,898.035,1406.5363
018_1.jpg,825.1819,1433.5026
018_1.jpg,752.22504,1460.4486
018_1.jpg,1665.5753,1044.383
018_1.jpg,1594.272,1070.3091
018_1.jpg,1522.7006,1096.2423
018_1.jpg,1450.9923,1122.3582
018_1.jpg,1379.1038,1148.5331
018_1.jpg,1307.0645,1174.9434
018_1.jpg,1234.8336,1201.3634
018_1.jpg,1162.4684,1227.8955
018_1.jpg,1090.0118,1254.4532
018_1.jpg,1017.3207,1281.098
018_1.jpg,944.6027,1307.7601
018_1.jpg,871.7347,1334.3971
018_1.jpg,798.77765,1361.2485
018_1.jpg,725.7712,1388.0795
018_1.jpg,1639.8588,972.7478
018_1.jpg,1568.5247,998.59155
018_1.jpg,1496.9026,1024.4972
018_1.jpg,1425.1392,1050.5778
018_1.jpg,1353.167,1076.699
018_1.jpg,1281.077,1103.0199
018_1.jpg,1208.7744,1129.4246
018_1.jpg,1136.343,1155.7733
018_1.jpg,1063.8224,1182.309
018_1.jpg,991.0263,1208.9039
018_1.jpg,918.27234,1235.4692
018_1.jpg,845.39966,1262.1458
018_1.jpg,772.40753,1288.8778
018_1.jpg,699.31757,1315.6338
018_1.jpg,1614.2086,901.0661
018_1.jpg,1542.729,926.89386
018_1.jpg,1471.0792,952.7101
018_1.jpg,1399.2169,978.69604
018_1.jpg,1327.2017,1004.7238
018_1.jpg,1255.0408,1030.9912
018_1.jpg,1182.6963,1057.2823
018_1.jpg,1110.2151,1083.6282
018_1.jpg,1037.626,1110.0991
018_1.jpg,964.885,1136.5984
018_1.jpg,891.98865,1163.0944
018_1.jpg,819.0494,1189.7914
018_1.jpg,745.9946,1216.3752
018_1.jpg,672.9285,1243.08
018_1.jpg,1588.398,829.386
018_1.jpg,1516.8297,855.12384
018_1.jpg,1445.1351,880.9222
018_1.jpg,1373.2712,906.86847
018_1.jpg,1301.2002,932.81415
018_1.jpg,1228.9781,959.00525
018_1.jpg,1156.5957,985.2476
018_1.jpg,1084.0736,1011.51215
018_1.jpg,1011.45135,1037.8591
018_1.jpg,938.6572,1064.2705
018_1.jpg,865.7301,1090.7264
018_1.jpg,792.7657,1117.3184
018_1.jpg,719.6697,1143.8444
018_1.jpg,646.4718,1170.5251
018_1.jpg,1562.4205,757.73413
018_1.jpg,1490.8859,783.38745
018_1.jpg,1419.1595,809.12054
018_1.jpg,1347.2598,835.0397
018_1.jpg,1275.1643,860.94714
018_1.jpg,1202.9409,887.0505
018_1.jpg,1130.5139,913.2345
018_1.jpg,1057.9775,939.4285
018_1.jpg,985.28656,965.7435
018_1.jpg,912.4359,992.02295
018_1.jpg,839.50684,1018.39
018_1.jpg,766.487,1044.8871
018_1.jpg,693.3607,1071.349
018_1.jpg,620.1868,1097.9303
018_1.jpg,1536.4124,686.0959
018_1.jpg,1464.9088,711.74725
018_1.jpg,1393.1418,737.39166
018_1.jpg,1321.221,763.2537
018_1.jpg,1249.0962,789.06604
018_1.jpg,1176.8307,815.1051
018_1.jpg,1104.4023,841.21954
018_1.jpg,1031.8024,867.31586
018_1.jpg,959.0849,893.5133
018_1.jpg,886.2283,919.79395
018_1.jpg,813.26013,946.076
018_1.jpg,740.213,972.46655
018_1.jpg,667.0665,998.9263
018_1.jpg,593.82635,1025.3693
018_1.jpg,1510.4044,614.4492
018_1.jpg,1438.8425,639.97437
018_1.jpg,1367.0995,665.56085
018_1.jpg,1295.1588,691.33734
018_1.jpg,1222.9973,717.1006
018_1.jpg,1150.7034,743.0463
018_1.jpg,1078.242,769.07355
018_1.jpg,1005.643,795.08936
018_1.jpg,932.9207,821.2486
018_1.jpg,860.0156,847.41034
018_1.jpg,787.0155,873.64215
018_1.jpg,713.95386,899.95483
018_1.jpg,640.79663,926.3923
018_1.jpg,567.56415,952.7654
018_1.jpg,1484.4225,542.71136
018_1.jpg,1412.9852,568.29645
018_1.jpg,1341.0173,593.7007
018_1.jpg,1269.0585,619.4207
018_1.jpg,1196.8685,645.0751
018_1.jpg,1124.5645,670.94006
018_1.jpg,1052.0723,696.87866
018_1.jpg,979.44214,722.81055
018_1.jpg,906.70593,748.8879
018_1.jpg,833.75977,774.9901
018_1.jpg,760.80695,801.1642
018_1.jpg,687.7263,827.4565
018_1.jpg,614.57117,853.8106
018_1.jpg,541.30054,880.1152
018_1.jpg,1458.3306,471.1478
018_1.jpg,1386.6963,496.53625
018_1.jpg,1314.9366,521.9272
018_1.jpg,1242.9613,547.54535
018_1.jpg,1170.7678,573.14606
018_1.jpg,1098.4258,598.89124
018_1.jpg,1025.9487,624.74335
018_1.jpg,953.27313,650.61176
018_1.jpg,880.5161,676.5679
018_1.jpg,807.61804,702.5917
018_1.jpg,734.5573,728.6869
018_1.jpg,661.5761,754.832
018_1.jpg,588.3197,781.15564
018_1.jpg,515.0943,807.4349
019_1.jpg,1842.721,1232.8597
019_1.jpg,1772.3693,1233.915
019_1.jpg,1701.9808,1234.9348
019_1.jpg,1631.5378,1235.9626
019_1.jpg,1561.1495,1237.2036
019_1.jpg,1490.6135,1238.4094
019_1.jpg,1420.1086,1239.5446
019_1.jpg,1349.6014,1240.896
019_1.jpg,1279.0983,1242.0519
019_1.jpg,1208.5525,1243.4478
019_1.jpg,1138.1108,1244.632
019_1.jpg,1067.7098,1245.8042
019_1.jpg,997.2592,1247.2112
019_1.jpg,926.9616,1248.5444
019_1.jpg,1841.2886,1162.8522
019_1.jpg,1770.9738,1163.8766
019_1.jpg,1700.6018,1164.9282
019_1.jpg,1630.2134,1166.0328
019_1.jpg,1559.816,1167.1785
019_1.jpg,1489.3623,1168.4146
019_1.jpg,1418.8711,1169.6255
019_1.jpg,1348.4196,1170.9218
019_1.jpg,1277.9893,1172.2086
019_1.jpg,1207.4822,1173.4391
019_1.jpg,1137.0831,1174.7368
019_1.jpg,1066.7195,1175.9084
019_1.jpg,996.3473,1177.2819
019_1.jpg,926.0714,1178.6036
019_1.jpg,1839.6799,1092.9406
019_1.jpg,1769.4556,1093.973
019_1.jpg,1699.1434,1095.0233
019_1.jpg,1628.7916,1096.1855
019_1.jpg,1558.408,1097.2627
019_1.jpg,1488.0358,1098.5682
019_1.jpg,1417.5935,1099.7833
019_1.jpg,1347.197,1100.9833
019_1.jpg,1276.8077,1102.2611
019_1.jpg,1206.3447,1103.5156
019_1.jpg,1136.0359,1104.7938
019_1.jpg,1065.711,1106.1437
019_1.jpg,995.43774,1107.3877
019_1.jpg,925.21936,1108.7551
019_1.jpg,1838.1136,1023.08185
019_1.jpg,1767.8776,1024.143
019_1.jpg,1697.6519,1025.2437
019_1.jpg,1627.3458,1026.3748
019_1.jpg,1557.0184,1027.4661
019_1.jpg,1486.7085,1028.7346
019_1.jpg,1416.3313,1029.9727
019_1.jpg,1345.9803,1031.1742
019_1.jpg,1275.6322,1032.4424
019_1.jpg,1205.2991,1033.6821
019_1.jpg,1135.0153,1034.9869
019_1.jpg,1064.762,1036.3588
019_1.jpg,994.5407,1037.6583
019_1.jpg,924.413,1038.9816
019_1.jpg,1836.4154,953.37585
019_1.jpg,1766.2427,954.5233
019_1.jpg,1696.0533,955.5896
019_1.jpg,1625.8286,956.78864
019_1.jpg,1555.6014,957.88904
019_1.jpg,1485.3065,959.1452
019_1.jpg,1415.038,960.3984
019_1.jpg,1344.747,961.6016
019_1.jpg,1274.4916,962.9408
019_1.jpg,1204.2578,964.17554
019_1.jpg,1134.0206,965.411
019_1.jpg,1063.8389,966.77
019_1.jpg,993.69183,968.04803
019_1.jpg,923.60535,969.39044
019_1.jpg,1834.5564,883.85596
019_1.jpg,1764.5458,885.0096
019_1.jpg,1694.4288,886.14795
019_1.jpg,1624.2583,887.3345
019_1.jpg,1554.1361,888.4876
019_1.jpg,1483.9119,889.7311
019_1.jpg,1413.709,890.99335
019_1.jpg,1343.5365,892.2156
019_1.jpg,1273.3401,893.5
019_1.jpg,1203.1582,894.744
019_1.jpg,1133.0154,896.01196
019_1.jpg,1062.9187,897.3569
019_1.jpg,992.85205,898.6363
019_1.jpg,922.85443,899.96985
019_1.jpg,1832.7457,814.54144
019_1.jpg,1762.7911,815.7423
019_1.jpg,1692.712,816.8654
019_1.jpg,1622.6652,818.07526
019_1.jpg,1552.6017,819.2468
019_1.jpg,1482.4854,820.5137
019_1.jpg,1412.355,821.7873
019_1.jpg,1342.2408,822.97125
019_1.jpg,1272.13,824.2494
019_1.jpg,1202.0464,825.5094
019_1.jpg,1131.9868,826.7909
019_1.jpg,1061.9685,828.12494
019_1.jpg,991.9964,829.4178
019_1.jpg,922.0536,830.767
019_1.jpg,1830.8536,745.3133
019_1.jpg,1760.9534,746.48956
019_1.jpg,1691.0442,747.6407
019_1.jpg,1621.0582,748.86194
019_1.jpg,1551.0393,750.0622
019_1.jpg,1481.0408,751.3094
019_1.jpg,1411.0105,752.6061
019_1.jpg,1340.9849,753.79877
019_1.jpg,1270.9812,755.096
019_1.jpg,1200.9722,756.3445
019_1.jpg,1130.991,757.6486
019_1.jpg,1061.0568,758.9732
019_1.jpg,991.17303,760.3207
019_1.jpg,921.3415,761.72437
019_1.jpg,1828.995,676.2188
019_1.jpg,1759.2927,677.5906
019_1.jpg,1689.3369,678.5983
019_1.jpg,1619.4338,679.80426
019_1.jpg,1549.5089,681.0135
019_1.jpg,1479.601,682.23334
019_1.jpg,1409.65,683.5284
019_1.jpg,1339.7172,684.7294
019_1.jpg,1269.8064,686.0279
019_1.jpg,1199.8752,687.27344
019_1.jpg,1130.0027,688.60944
019_1.jpg,1060.1622,689.9969
019_1.jpg,990.36,691.36005
019_1.jpg,920.6277,692.7859
019_1.jpg,1827.006,607.3814
019_1.jpg,1757.2833,608.60345
019_1.jpg,1687.5714,609.6939
019_1.jpg,1617.785,610.9649
019_1.jpg,1547.9637,612.11676
019_1.jpg,1478.1378,613.366
019_1.jpg,1408.3263,614.64825
019_1.jpg,1338.439,615.8872
019_1.jpg,1268.6326,617.1638
019_1.jpg,1198.8124,618.4714
019_1.jpg,1129.0057,619.7272
019_1.jpg,1059.339,621.13153
019_1.jpg,989.54736,622.5363
019_1.jpg,919.95233,623.9427
020_1.jpg,1876.5952,1221.3868
020_1.jpg,1797.2509,1225.4271
020_1.jpg,1717.9077,1229.4896
020_1.jpg,1638.5428,1233.5045
020_1.jpg,1559.1737,1237.7089
020_1.jpg,1479.7074,1242.0344
020_1.jpg,1400.2727,1246.1251
020_1.jpg,1320.8472,1250.5208
020_1.jpg,1241.4484,1254.6542
020_1.jpg,1162.0408,1259.1073
020_1.jpg,1082.74,1263.2573
020_1.jpg,1003.5441,1267.4569
020_1.jpg,924.3333,1271.8939
020_1.jpg,845.29266,1276.2211
020_1.jpg,1871.6449,1142.7843
020_1.jpg,1792.4539,1146.8086
020_1.jpg,1713.2205,1150.894
020_1.jpg,1633.9415,1154.9779
020_1.jpg,1554.6649,1159.1051
020_1.jpg,1475.3665,1163.4369
020_1.jpg,1396.01,1167.653
020_1.jpg,1316.7222,1171.9304
020_1.jpg,1237.4851,1176.2052
020_1.jpg,1158.1661,1180.4897
020_1.jpg,1079.0192,1184.7866
020_1.jpg,999.9177,1188.9937
020_1.jpg,920.86566,1193.4124
020_1.jpg,841.9514,1197.7042
020_1.jpg,1866.5261,1064.4772
020_1.jpg,1787.5325,1068.5159
020_1.jpg,1708.3955,1072.5444
020_1.jpg,1629.2435,1076.703
020_1.jpg,1550.0801,1080.818
020_1.jpg,1470.9156,1085.0822
020_1.jpg,1391.7148,1089.3553
020_1.jpg,1312.5494,1093.5808
020_1.jpg,1233.4366,1097.8756
020_1.jpg,1154.2935,1102.1625
020_1.jpg,1075.2731,1106.459
020_1.jpg,996.3192,1110.8658
020_1.jpg,917.45496,1115.1198
020_1.jpg,838.6549,1119.4731
020_1.jpg,1861.4673,986.3415
020_1.jpg,1782.5039,990.40625
020_1.jpg,1703.5615,994.50824
020_1.jpg,1624.5227,998.6845
020_1.jpg,1545.53,1002.7562
020_1.jpg,1466.4967,1007.03534
020_1.jpg,1387.4451,1011.2927
020_1.jpg,1308.4276,1015.51263
020_1.jpg,1229.4357,1019.7695
020_1.jpg,1150.4584,1024.0481
020_1.jpg,1071.5824,1028.4186
020_1.jpg,992.77936,1032.8187
020_1.jpg,914.0225,1037.1775
020_1.jpg,835.4369,1041.5
020_1.jpg,1856.283,908.55444
020_1.jpg,1777.4592,912.6425
020_1.jpg,1698.6305,916.7711
020_1.jpg,1619.8076,920.9873
020_1.jpg,1540.925,925.0621
020_1.jpg,1462.0304,929.34644
020_1.jpg,1383.1516,933.63306
020_1.jpg,1304.2831,937.85706
020_1.jpg,1225.5023,942.29645
020_1.jpg,1146.7119,946.50415
020_1.jpg,1067.9457,950.7709
020_1.jpg,989.30164,955.16144
020_1.jpg,910.72534,959.4475
020_1.jpg,832.2071,963.8495
020_1.jpg,1850.8766,831.10583
020_1.jpg,1772.3174,835.2253
020_1.jpg,1693.6855,839.36865
020_1.jpg,1614.9896,843.60974
020_1.jpg,1536.3083,847.73865
020_1.jpg,1457.5892,852.0227
020_1.jpg,1378.8525,856.31415
020_1.jpg,1300.1787,860.56854
020_1.jpg,1221.5103,864.8747
020_1.jpg,1142.8767,869.1611
020_1.jpg,1064.297,873.45447
020_1.jpg,985.8223,877.8379
020_1.jpg,907.411,882.1601
020_1.jpg,829.1068,886.5114
020_1.jpg,1845.6461,754.0589
020_1.jpg,1767.1931,758.2105
020_1.jpg,1688.6681,762.341
020_1.jpg,1610.1631,766.61206
020_1.jpg,1531.6423,770.7577
020_1.jpg,1453.0913,775.0632
020_1.jpg,1374.5392,779.3613
020_1.jpg,1296.0303,783.5967
020_1.jpg,1217.5415,787.9091
020_1.jpg,1139.0613,792.1826
020_1.jpg,1060.6703,796.5162
020_1.jpg,982.3513,800.8848
020_1.jpg,904.121,805.2117
020_1.jpg,825.9462,809.6372
020_1.jpg,1840.2427,677.27026
020_1.jpg,1761.9662,681.4469
020_1.jpg,1683.6694,685.5572
020_1.jpg,1605.338,689.8513
020_1.jpg,1526.9629,694.0078
020_1.jpg,1448.6207,698.2957
020_1.jpg,1370.2433,702.61084
020_1.jpg,1291.9042,706.8155
020_1.jpg,1213.5957,711.17096
020_1.jpg,1135.3118,715.4678
020_1.jpg,1057.0826,719.80237
020_1.jpg,978.937,724.1646
020_1.jpg,900.8683,728.56946
020_1.jpg,822.92645,733.0403
020_1.jpg,1834.9215,600.7532
020_1.jpg,1756.9015,605.0623
020_1.jpg,1678.664,609.07745
020_1.jpg,1600.5055,613.3733
020_1.jpg,1522.3132,617.53534
020_1.jpg,1444.1344,621.78613
020_1.jpg,1365.9457,626.1434
020_1.jpg,1287.7848,630.34644
020_1.jpg,1209.6613,634.68964
020_1.jpg,1131.5342,638.98505
020_1.jpg,1053.5099,643.3622
020_1.jpg,975.5463,647.79156
020_1.jpg,897.6615,652.2167
020_1.jpg,819.8917,656.7248
020_1.jpg,1829.4698,524.68866
020_1.jpg,1751.5177,528.9294
020_1.jpg,1673.6459,533.005
020_1.jpg,1595.6864,537.3053
020_1.jpg,1517.674,541.4711
020_1.jpg,1439.6731,545.71423
020_1.jpg,1361.6852,550.04694
020_1.jpg,1283.692,554.2816
020_1.jpg,1205.7499,558.60376
020_1.jpg,1127.8275,562.9602
020_1.jpg,1049.9521,567.2412
020_1.jpg,972.2459,571.69745
020_1.jpg,894.4675,576.179
020_1.jpg,816.9176,580.6561
